Country Name,Country Code,Year,Percentage
Aruba,ABW,2013,0
Aruba,ABW,2014,0
Aruba,ABW,2015,0
Aruba,ABW,2016,0.527983105
Aruba,ABW,2017,0.1
Aruba,ABW,2018,0.141163456
Aruba,ABW,2019,0.1
Aruba,ABW,2020,0.1
Aruba,ABW,2021,0.1
Aruba,ABW,2022,0.1
Aruba,ABW,2023,0.1
Aruba,ABW,2024,0.1
Africa Eastern and Southern,AFE,2013,12.07754198
Africa Eastern and Southern,AFE,2014,11.38178163
Africa Eastern and Southern,AFE,2015,11.59162715
Africa Eastern and Southern,AFE,2017,12.35538831
Africa Eastern and Southern,AFE,2019,12.4451248
Africa Eastern and Southern,AFE,2020,13.73787644
Africa Eastern and Southern,AFE,2021,13.76718876
Africa Eastern and Southern,AFE,2022,13.79460892
Africa Eastern and Southern,AFE,2023,14.17433465
Africa Eastern and Southern,AFE,2024,14.46957238
Afghanistan,AFG,2013,0.4
Afghanistan,AFG,2014,0.4
Afghanistan,AFG,2015,0.4
Afghanistan,AFG,2016,0.10470704
Afghanistan,AFG,2017,0.1
Afghanistan,AFG,2018,0.104707035
Afghanistan,AFG,2019,0.1
Afghanistan,AFG,2020,3.6
Afghanistan,AFG,2021,3.6
Afghanistan,AFG,2022,3.6
Afghanistan,AFG,2023,3.6
Afghanistan,AFG,2024,3.6
Africa Western and Central,AFW,2013,11.65252536
Africa Western and Central,AFW,2014,11.65065766
Africa Western and Central,AFW,2015,11.64931985
Africa Western and Central,AFW,2017,12.50767617
Africa Western and Central,AFW,2019,12.53391869
Africa Western and Central,AFW,2020,12.56009838
Africa Western and Central,AFW,2021,12.66112038
Africa Western and Central,AFW,2022,12.66345389
Africa Western and Central,AFW,2023,12.66345389
Africa Western and Central,AFW,2024,12.47992009
Angola,AGO,2013,8.9
Angola,AGO,2014,5
Angola,AGO,2015,5
Angola,AGO,2016,5.004713342
Angola,AGO,2017,5
Angola,AGO,2018,5.004710827
Angola,AGO,2019,5
Angola,AGO,2020,5
Angola,AGO,2021,5
Angola,AGO,2022,5
Angola,AGO,2023,7.7
Angola,AGO,2024,7.7
Albania,ALB,2013,7.7
Albania,ALB,2014,1.8
Albania,ALB,2015,2.2
Albania,ALB,2016,13.14774946
Albania,ALB,2017,13.5
Albania,ALB,2018,13.52568255
Albania,ALB,2019,14.2
Albania,ALB,2020,14.2
Albania,ALB,2021,14.2
Albania,ALB,2022,14.2
Albania,ALB,2023,14.2
Albania,ALB,2024,18
Andorra,AND,2013,9.2
Andorra,AND,2014,18.2
Andorra,AND,2015,21.1
Andorra,AND,2016,21.19093028
Andorra,AND,2017,26.7
Andorra,AND,2018,26.72772478
Andorra,AND,2019,26.7
Andorra,AND,2020,26.7
Andorra,AND,2021,26.9
Andorra,AND,2022,26.9
Andorra,AND,2023,26.9
Andorra,AND,2024,27.3
Arab World,ARB,2013,7.246487299
Arab World,ARB,2014,9.699209394
Arab World,ARB,2015,7.806691358
Arab World,ARB,2017,4.510071173
Arab World,ARB,2019,4.139922937
Arab World,ARB,2020,3.093044568
Arab World,ARB,2021,3.068468806
Arab World,ARB,2022,3.07804618
Arab World,ARB,2023,4.369921851
Arab World,ARB,2024,5.596088932
United Arab Emirates,ARE,2013,15.9
United Arab Emirates,ARE,2014,15.9
United Arab Emirates,ARE,2015,15.9
United Arab Emirates,ARE,2016,9.235667522
United Arab Emirates,ARE,2017,11.6
United Arab Emirates,ARE,2018,15.04389477
United Arab Emirates,ARE,2019,15
United Arab Emirates,ARE,2020,15.9
United Arab Emirates,ARE,2021,15.9
United Arab Emirates,ARE,2022,15.9
United Arab Emirates,ARE,2023,15.9
United Arab Emirates,ARE,2024,16.1
Argentina,ARG,2013,5
Argentina,ARG,2014,7.3
Argentina,ARG,2015,7.4
Argentina,ARG,2016,7.528593349
Argentina,ARG,2017,7.5
Argentina,ARG,2018,7.40512875
Argentina,ARG,2019,9.4
Argentina,ARG,2020,9.4
Argentina,ARG,2021,9.4
Argentina,ARG,2022,9.6
Argentina,ARG,2023,9.6
Argentina,ARG,2024,9.7
Armenia,ARM,2013,23.3
Armenia,ARM,2014,23.1
Armenia,ARM,2015,23.1
Armenia,ARM,2016,23.10900308
Armenia,ARM,2017,23.1
Armenia,ARM,2018,23.11050281
Armenia,ARM,2019,24.3
Armenia,ARM,2020,24.3
Armenia,ARM,2021,24.3
Armenia,ARM,2022,24.7
Armenia,ARM,2023,24.7
Armenia,ARM,2024,38.9
American Samoa,ASM,2013,8.6
American Samoa,ASM,2014,8.7
American Samoa,ASM,2015,8.7
American Samoa,ASM,2016,8.708521753
American Samoa,ASM,2017,8.7
American Samoa,ASM,2018,8.71956554
American Samoa,ASM,2019,8.7
American Samoa,ASM,2020,0
American Samoa,ASM,2021,8.7
American Samoa,ASM,2022,8.7
American Samoa,ASM,2023,8.7
American Samoa,ASM,2024,8.7
Antigua and Barbuda,ATG,2013,0.1
Antigua and Barbuda,ATG,2014,0.2
Antigua and Barbuda,ATG,2015,0.2
Antigua and Barbuda,ATG,2016,0.271690244
Antigua and Barbuda,ATG,2017,0.3
Antigua and Barbuda,ATG,2018,0.258339766
Antigua and Barbuda,ATG,2019,0.3
Antigua and Barbuda,ATG,2020,0.4
Antigua and Barbuda,ATG,2021,0.4
Antigua and Barbuda,ATG,2022,0.4
Antigua and Barbuda,ATG,2023,0.4
Antigua and Barbuda,ATG,2024,0.8
Australia,AUS,2013,28.1
Australia,AUS,2014,29
Australia,AUS,2015,28.7
Australia,AUS,2016,28.59184172
Australia,AUS,2017,29.7
Australia,AUS,2018,29.70879373
Australia,AUS,2019,29.9
Australia,AUS,2020,30.4
Australia,AUS,2021,32.1
Australia,AUS,2022,32.1
Australia,AUS,2023,32.1
Australia,AUS,2024,33.5
Austria,AUT,2013,24
Austria,AUT,2014,28.3
Austria,AUT,2015,28.4
Austria,AUT,2016,28.44398259
Austria,AUT,2017,28.4
Austria,AUT,2018,28.39798166
Austria,AUT,2019,28.4
Austria,AUT,2020,29.1
Austria,AUT,2021,29.3
Austria,AUT,2022,29.5
Austria,AUT,2023,29.5
Austria,AUT,2024,29.6
Azerbaijan,AZE,2013,6.4
Azerbaijan,AZE,2014,5.5
Azerbaijan,AZE,2015,5.5
Azerbaijan,AZE,2016,5.518745809
Azerbaijan,AZE,2017,5.5
Azerbaijan,AZE,2018,5.519156836
Azerbaijan,AZE,2019,5.5
Azerbaijan,AZE,2020,5.5
Azerbaijan,AZE,2021,5.5
Azerbaijan,AZE,2022,5.5
Azerbaijan,AZE,2023,5.5
Azerbaijan,AZE,2024,12
Burundi,BDI,2013,5
Burundi,BDI,2014,7
Burundi,BDI,2015,7
Burundi,BDI,2016,7.592545634
Burundi,BDI,2017,7.6
Burundi,BDI,2018,7.591471706
Burundi,BDI,2019,7.6
Burundi,BDI,2020,7.6
Burundi,BDI,2021,7.6
Burundi,BDI,2022,7.6
Burundi,BDI,2023,7.6
Burundi,BDI,2024,7.6
Belgium,BEL,2013,24.3
Belgium,BEL,2014,24.2
Belgium,BEL,2015,24.2
Belgium,BEL,2016,24.57816225
Belgium,BEL,2017,24.7
Belgium,BEL,2018,24.64917303
Belgium,BEL,2019,26.1
Belgium,BEL,2020,17.6
Belgium,BEL,2021,17.8
Belgium,BEL,2022,17.8
Belgium,BEL,2023,17.8
Belgium,BEL,2024,18.5
Benin,BEN,2013,23.5
Benin,BEN,2014,23.5
Benin,BEN,2015,22.9
Benin,BEN,2016,28.87194497
Benin,BEN,2017,23.5
Benin,BEN,2018,23.47190856
Benin,BEN,2019,23.5
Benin,BEN,2020,23.5
Benin,BEN,2021,23.5
Benin,BEN,2022,23.5
Benin,BEN,2023,23.5
Benin,BEN,2024,23.5
Burkina Faso,BFA,2013,15.8
Burkina Faso,BFA,2014,15.8
Burkina Faso,BFA,2015,15.8
Burkina Faso,BFA,2016,15.08481978
Burkina Faso,BFA,2017,14.9
Burkina Faso,BFA,2018,14.92288055
Burkina Faso,BFA,2019,14.9
Burkina Faso,BFA,2020,16.4
Burkina Faso,BFA,2021,16.4
Burkina Faso,BFA,2022,16.4
Burkina Faso,BFA,2023,16.4
Burkina Faso,BFA,2024,16.5
Bangladesh,BGD,2013,3.5
Bangladesh,BGD,2014,4.9
Bangladesh,BGD,2015,4.9
Bangladesh,BGD,2016,4.88867648
Bangladesh,BGD,2017,4.9
Bangladesh,BGD,2018,4.888648581
Bangladesh,BGD,2019,4.9
Bangladesh,BGD,2020,4.9
Bangladesh,BGD,2021,4.9
Bangladesh,BGD,2022,4.9
Bangladesh,BGD,2023,5.9
Bangladesh,BGD,2024,5.6
Bulgaria,BGR,2013,35
Bulgaria,BGR,2014,31.5
Bulgaria,BGR,2015,32.8
Bulgaria,BGR,2016,28.28713195
Bulgaria,BGR,2017,28.3
Bulgaria,BGR,2018,28.29699048
Bulgaria,BGR,2019,32.8
Bulgaria,BGR,2020,33.1
Bulgaria,BGR,2021,33.1
Bulgaria,BGR,2022,33.1
Bulgaria,BGR,2023,33.1
Bulgaria,BGR,2024,35.6
Bahrain,BHR,2013,7.3
Bahrain,BHR,2014,7.3
Bahrain,BHR,2015,1.7
Bahrain,BHR,2016,1.694772648
Bahrain,BHR,2017,1.7
Bahrain,BHR,2018,1.686352006
Bahrain,BHR,2019,1.7
Bahrain,BHR,2020,1.7
Bahrain,BHR,2021,1.7
Bahrain,BHR,2022,20.5
Bahrain,BHR,2023,20.5
Bahrain,BHR,2024,20.6
The bahamas,BHS,2013,0.5
The bahamas,BHS,2014,0.5
The bahamas,BHS,2015,1.2
The bahamas,BHS,2016,1.240258124
The bahamas,BHS,2017,8.6
The bahamas,BHS,2018,8.555106417
The bahamas,BHS,2019,8.6
The bahamas,BHS,2020,8.6
The bahamas,BHS,2021,8.6
The bahamas,BHS,2022,8.6
The bahamas,BHS,2023,8.6
The bahamas,BHS,2024,8.3
Bosnia and Herzegovina,BIH,2013,1.6
Bosnia and Herzegovina,BIH,2014,1.1
Bosnia and Herzegovina,BIH,2015,1.5
Bosnia and Herzegovina,BIH,2016,1.452410142
Bosnia and Herzegovina,BIH,2017,1.4
Bosnia and Herzegovina,BIH,2018,1.395147508
Bosnia and Herzegovina,BIH,2019,1.4
Bosnia and Herzegovina,BIH,2020,3.6
Bosnia and Herzegovina,BIH,2021,4
Bosnia and Herzegovina,BIH,2022,4.1
Bosnia and Herzegovina,BIH,2023,4.1
Bosnia and Herzegovina,BIH,2024,9.5
Belarus,BLR,2013,8.3
Belarus,BLR,2014,8.6
Belarus,BLR,2015,8.8
Belarus,BLR,2016,9.511258367
Belarus,BLR,2017,9.4
Belarus,BLR,2018,9.353493353
Belarus,BLR,2019,9.4
Belarus,BLR,2020,9.4
Belarus,BLR,2021,13.8
Belarus,BLR,2022,13.8
Belarus,BLR,2023,13.8
Belarus,BLR,2024,9.4
Belize,BLZ,2013,18.3
Belize,BLZ,2014,20.5
Belize,BLZ,2015,20.5
Belize,BLZ,2016,20.59179198
Belize,BLZ,2017,20.6
Belize,BLZ,2018,20.59045099
Belize,BLZ,2019,20.6
Belize,BLZ,2020,21.1
Belize,BLZ,2021,21.1
Belize,BLZ,2022,21.1
Belize,BLZ,2023,21.1
Belize,BLZ,2024,26.8
Bermuda,BMU,2013,0
Bermuda,BMU,2014,0
Bermuda,BMU,2015,0
Bermuda,BMU,2016,0.033870824
Bermuda,BMU,2017,0
Bermuda,BMU,2018,0.000390137
Bermuda,BMU,2019,0
Bermuda,BMU,2020,0
Bermuda,BMU,2021,0
Bermuda,BMU,2022,0
Bermuda,BMU,2023,0
Bermuda,BMU,2024,0
Bolivia,BOL,2013,21.4
Bolivia,BOL,2014,25.3
Bolivia,BOL,2015,30.9
Bolivia,BOL,2016,30.86551546
Bolivia,BOL,2017,30.9
Bolivia,BOL,2018,30.8654915
Bolivia,BOL,2019,30.9
Bolivia,BOL,2020,30.9
Bolivia,BOL,2021,30.9
Bolivia,BOL,2022,30.9
Bolivia,BOL,2023,30.9
Bolivia,BOL,2024,30.9
Brazil,BRA,2013,18.9
Brazil,BRA,2014,20.4
Brazil,BRA,2015,20.4
Brazil,BRA,2016,20.73728423
Brazil,BRA,2017,20.7
Brazil,BRA,2018,28.57825261
Brazil,BRA,2019,29.2
Brazil,BRA,2020,29.2
Brazil,BRA,2021,29.3
Brazil,BRA,2022,29.3
Brazil,BRA,2023,29.5
Brazil,BRA,2024,29.4
Barbados,BRB,2013,0
Barbados,BRB,2014,0
Barbados,BRB,2015,0
Barbados,BRB,2016,0.009166204
Barbados,BRB,2017,0
Barbados,BRB,2018,0.008873615
Barbados,BRB,2019,0
Barbados,BRB,2020,0
Barbados,BRB,2021,0
Barbados,BRB,2022,0
Barbados,BRB,2023,0
Barbados,BRB,2024,0.1
Brunei,BRN,2013,9
Brunei,BRN,2014,9
Brunei,BRN,2015,9
Brunei,BRN,2016,8.989232504
Brunei,BRN,2017,9
Brunei,BRN,2018,8.98950186
Brunei,BRN,2019,9
Brunei,BRN,2020,9
Brunei,BRN,2021,9
Brunei,BRN,2022,9
Brunei,BRN,2023,9
Brunei,BRN,2024,7.5
Bhutan,BTN,2013,28.8
Bhutan,BTN,2014,48
Bhutan,BTN,2015,48
Bhutan,BTN,2016,48.00731216
Bhutan,BTN,2017,48
Bhutan,BTN,2018,48.00785105
Bhutan,BTN,2019,48
Bhutan,BTN,2020,49.7
Bhutan,BTN,2021,49.7
Bhutan,BTN,2022,49.7
Bhutan,BTN,2023,49.7
Bhutan,BTN,2024,51.6
Botswana,BWA,2013,29.1
Botswana,BWA,2014,29.1
Botswana,BWA,2015,29.1
Botswana,BWA,2016,29.14329184
Botswana,BWA,2017,29.1
Botswana,BWA,2018,29.14323742
Botswana,BWA,2019,29.1
Botswana,BWA,2020,29.1
Botswana,BWA,2021,29.1
Botswana,BWA,2022,29.1
Botswana,BWA,2023,29.1
Botswana,BWA,2024,29.1
Central African Republic,CAF,2013,18.1
Central African Republic,CAF,2014,18.1
Central African Republic,CAF,2015,18.1
Central African Republic,CAF,2016,18.06480639
Central African Republic,CAF,2017,18.1
Central African Republic,CAF,2018,18.06482422
Central African Republic,CAF,2019,18.1
Central African Republic,CAF,2020,18.1
Central African Republic,CAF,2021,18.1
Central African Republic,CAF,2022,18.1
Central African Republic,CAF,2023,18.1
Central African Republic,CAF,2024,14.8
Canada,CAN,2013,6.3
Canada,CAN,2014,6.3
Canada,CAN,2015,6.2
Canada,CAN,2016,6.477119482
Canada,CAN,2017,6.5
Canada,CAN,2018,6.477193623
Canada,CAN,2019,8.1
Canada,CAN,2020,9.5
Canada,CAN,2021,10.8
Canada,CAN,2022,11.4
Canada,CAN,2023,11.5
Canada,CAN,2024,11.6
Central Europe and the Baltics,CEB,2013,24.90925053
Central Europe and the Baltics,CEB,2014,25.42455518
Central Europe and the Baltics,CEB,2015,25.60464879
Central Europe and the Baltics,CEB,2017,27.75093045
Central Europe and the Baltics,CEB,2019,28.28342572
Central Europe and the Baltics,CEB,2020,28.12772929
Central Europe and the Baltics,CEB,2021,28.13527117
Central Europe and the Baltics,CEB,2022,28.13527117
Central Europe and the Baltics,CEB,2023,28.13527117
Central Europe and the Baltics,CEB,2024,28.5226316
Switzerland,CHE,2013,24.8
Switzerland,CHE,2014,9.7
Switzerland,CHE,2015,9.7
Switzerland,CHE,2016,9.650516379
Switzerland,CHE,2017,9.7
Switzerland,CHE,2018,9.665184261
Switzerland,CHE,2019,10
Switzerland,CHE,2020,12
Switzerland,CHE,2021,12.1
Switzerland,CHE,2022,12.1
Switzerland,CHE,2023,12.1
Switzerland,CHE,2024,12.5
Chile,CHL,2013,6.8
Chile,CHL,2014,6.8
Chile,CHL,2015,6.8
Chile,CHL,2016,13.59390501
Chile,CHL,2017,13.9
Chile,CHL,2018,27.03923858
Chile,CHL,2019,37.6
Chile,CHL,2020,37.8
Chile,CHL,2021,37.8
Chile,CHL,2022,37.9
Chile,CHL,2023,37.9
Chile,CHL,2024,37.9
China,CHN,2013,15.8
China,CHN,2014,15.9
China,CHN,2015,15.9
China,CHN,2016,15.93928031
China,CHN,2017,16
China,CHN,2018,14.58764165
China,CHN,2019,14.7
China,CHN,2020,14.7
China,CHN,2021,14.7
China,CHN,2022,14.7
China,CHN,2023,14.7
China,CHN,2024,14.7
ivory coast,CIV,2013,14.9
ivory coast,CIV,2014,14.9
ivory coast,CIV,2015,14.9
ivory coast,CIV,2016,14.89147508
ivory coast,CIV,2017,14.9
ivory coast,CIV,2018,14.89154711
ivory coast,CIV,2019,14.9
ivory coast,CIV,2020,14.9
ivory coast,CIV,2021,14.9
ivory coast,CIV,2022,14.9
ivory coast,CIV,2023,14.9
ivory coast,CIV,2024,14.9
Cameroon,CMR,2013,10.8
Cameroon,CMR,2014,10.8
Cameroon,CMR,2015,10.6
Cameroon,CMR,2016,10.3820773
Cameroon,CMR,2017,10.4
Cameroon,CMR,2018,10.38214511
Cameroon,CMR,2019,10.9
Cameroon,CMR,2020,10.9
Cameroon,CMR,2021,11
Cameroon,CMR,2022,11
Cameroon,CMR,2023,11
Cameroon,CMR,2024,11
Democratic republic of congo,COD,2013,12.8
Democratic republic of congo,COD,2014,12.6
Democratic republic of congo,COD,2015,12.6
Democratic republic of congo,COD,2016,12.63431105
Democratic republic of congo,COD,2017,13.7
Democratic republic of congo,COD,2018,13.75675622
Democratic republic of congo,COD,2019,13.8
Democratic republic of congo,COD,2020,13.8
Democratic republic of congo,COD,2021,13.8
Democratic republic of congo,COD,2022,13.8
Democratic republic of congo,COD,2023,13.8
Democratic republic of congo,COD,2024,14.9
Republic of congo,COG,2013,33
Republic of congo,COG,2014,33.6
Republic of congo,COG,2015,33.6
Republic of congo,COG,2016,36.70930393
Republic of congo,COG,2017,36.7
Republic of congo,COG,2018,36.83827952
Republic of congo,COG,2019,36.8
Republic of congo,COG,2020,33.3
Republic of congo,COG,2021,33.3
Republic of congo,COG,2022,33.3
Republic of congo,COG,2023,33.3
Republic of congo,COG,2024,33.3
Colombia,COL,2013,18.1
Colombia,COL,2014,18.1
Colombia,COL,2015,9.3
Colombia,COL,2016,9.446443648
Colombia,COL,2017,12.7
Colombia,COL,2018,15.68852127
Colombia,COL,2019,15.7
Colombia,COL,2020,17
Colombia,COL,2021,17
Colombia,COL,2022,16.7
Colombia,COL,2023,16.7
Colombia,COL,2024,26.4
Comoros,COM,2013,0.3
Comoros,COM,2014,0.1
Comoros,COM,2015,0.1
Comoros,COM,2016,0.126191493
Comoros,COM,2017,0.1
Comoros,COM,2018,0.125684891
Comoros,COM,2019,0.1
Comoros,COM,2020,0.7
Comoros,COM,2021,0.7
Comoros,COM,2022,0.7
Comoros,COM,2023,0.7
Comoros,COM,2024,0.7
Cape Verde,CPV,2013,0
Cape Verde,CPV,2014,0
Cape Verde,CPV,2015,0
Cape Verde,CPV,2016,2.603036876
Cape Verde,CPV,2017,0
Cape Verde,CPV,2018,0.015591705
Cape Verde,CPV,2019,0
Cape Verde,CPV,2020,0
Cape Verde,CPV,2021,0
Cape Verde,CPV,2022,0
Cape Verde,CPV,2023,0
Cape Verde,CPV,2024,0.2
Costa Rica,CRI,2013,3
Costa Rica,CRI,2014,3
Costa Rica,CRI,2015,3
Costa Rica,CRI,2016,3.035461937
Costa Rica,CRI,2017,3
Costa Rica,CRI,2018,3.035389593
Costa Rica,CRI,2019,4.7
Costa Rica,CRI,2020,4.8
Costa Rica,CRI,2021,4.8
Costa Rica,CRI,2022,28.8
Costa Rica,CRI,2023,28.8
Costa Rica,CRI,2024,28.2
Caribbean small states,CSS,2013,3.289181407
Caribbean small states,CSS,2014,3.37745958
Caribbean small states,CSS,2015,3.632958143
Caribbean small states,CSS,2017,6.292449004
Caribbean small states,CSS,2019,6.296242398
Caribbean small states,CSS,2020,6.31976082
Caribbean small states,CSS,2021,6.31976082
Caribbean small states,CSS,2022,6.31976082
Caribbean small states,CSS,2023,6.31976082
Caribbean small states,CSS,2024,6.44274796
Cuba,CUB,2013,4.9
Cuba,CUB,2014,4.9
Cuba,CUB,2015,4.9
Cuba,CUB,2016,7.184346846
Cuba,CUB,2017,7.2
Cuba,CUB,2018,7.184622808
Cuba,CUB,2019,6.7
Cuba,CUB,2020,6.7
Cuba,CUB,2021,6.7
Cuba,CUB,2022,6.7
Cuba,CUB,2023,6.7
Cuba,CUB,2024,6.9
Curasao,CUW,2013,0.1
Curasao,CUW,2014,0.1
Curasao,CUW,2015,0.3
Curasao,CUW,2016,0.258181114
Curasao,CUW,2017,0.3
Curasao,CUW,2018,0.258715834
Curasao,CUW,2019,0.3
Curasao,CUW,2020,0.3
Curasao,CUW,2021,0.3
Curasao,CUW,2022,0.3
Curasao,CUW,2023,0.3
Curasao,CUW,2024,0.3
Cayman Islands,CYM,2013,0.1
Cayman Islands,CYM,2014,0.1
Cayman Islands,CYM,2015,0.1
Cayman Islands,CYM,2016,0.103424002
Cayman Islands,CYM,2017,0.1
Cayman Islands,CYM,2018,0.103453166
Cayman Islands,CYM,2019,0.1
Cayman Islands,CYM,2020,0.1
Cayman Islands,CYM,2021,0.1
Cayman Islands,CYM,2022,0.1
Cayman Islands,CYM,2023,0.1
Cayman Islands,CYM,2024,0.1
Cyprus,CYP,2013,1.9
Cyprus,CYP,2014,1.7
Cyprus,CYP,2015,1.7
Cyprus,CYP,2016,1.687116707
Cyprus,CYP,2017,1.7
Cyprus,CYP,2018,1.68708522
Cyprus,CYP,2019,3.4
Cyprus,CYP,2020,11.2
Cyprus,CYP,2021,11.2
Cyprus,CYP,2022,11.2
Cyprus,CYP,2023,11.2
Cyprus,CYP,2024,11.1
Czech Republic,CZE,2013,21.9
Czech Republic,CZE,2014,21.8
Czech Republic,CZE,2015,21.7
Czech Republic,CZE,2016,21.68592436
Czech Republic,CZE,2017,22.2
Czech Republic,CZE,2018,22.155676
Czech Republic,CZE,2019,22.2
Czech Republic,CZE,2020,22.2
Czech Republic,CZE,2021,22.2
Czech Republic,CZE,2022,22.2
Czech Republic,CZE,2023,22.2
Czech Republic,CZE,2024,21.9
Germany,DEU,2013,38.9
Germany,DEU,2014,38.5
Germany,DEU,2015,38.5
Germany,DEU,2016,38.72689503
Germany,DEU,2017,38.8
Germany,DEU,2018,38.78740347
Germany,DEU,2019,38.5
Germany,DEU,2020,38.8
Germany,DEU,2021,38.5
Germany,DEU,2022,38.7
Germany,DEU,2023,38.7
Germany,DEU,2024,40.1
Djibouti,DJI,2013,0.1
Djibouti,DJI,2014,1.2
Djibouti,DJI,2015,1.2
Djibouti,DJI,2016,1.322952886
Djibouti,DJI,2017,1.3
Djibouti,DJI,2018,1.232094286
Djibouti,DJI,2019,1.2
Djibouti,DJI,2020,1.2
Djibouti,DJI,2021,1.2
Djibouti,DJI,2022,1.2
Djibouti,DJI,2023,1.2
Djibouti,DJI,2024,1.2
Dominica,DMA,2013,0.6
Dominica,DMA,2014,0.6
Dominica,DMA,2015,0.6
Dominica,DMA,2016,0.586134696
Dominica,DMA,2017,0.7
Dominica,DMA,2018,0.6733322
Dominica,DMA,2019,0.6
Dominica,DMA,2020,0.6
Dominica,DMA,2021,0.6
Dominica,DMA,2022,0.6
Dominica,DMA,2023,0.6
Dominica,DMA,2024,0.6
Denmark,DNK,2013,17.6
Denmark,DNK,2014,20.5
Denmark,DNK,2015,20.5
Denmark,DNK,2016,17.75706832
Denmark,DNK,2017,20.7
Denmark,DNK,2018,17.92764183
Denmark,DNK,2019,17.7
Denmark,DNK,2020,17.9
Denmark,DNK,2021,17.9
Denmark,DNK,2022,17.9
Denmark,DNK,2023,17.9
Denmark,DNK,2024,17.7
Dominican Republic,DOM,2013,11
Dominican Republic,DOM,2014,11.2
Dominican Republic,DOM,2015,11.2
Dominican Republic,DOM,2016,11.20193934
Dominican Republic,DOM,2017,11.2
Dominican Republic,DOM,2018,19.21573704
Dominican Republic,DOM,2019,19.2
Dominican Republic,DOM,2020,19.2
Dominican Republic,DOM,2021,19.2
Dominican Republic,DOM,2022,18.7
Dominican Republic,DOM,2023,18.7
Dominican Republic,DOM,2024,15.3
Algeria,DZA,2013,7.1
Algeria,DZA,2014,7.1
Algeria,DZA,2015,7.1
Algeria,DZA,2016,7.10549986
Algeria,DZA,2017,7.1
Algeria,DZA,2018,7.105493117
Algeria,DZA,2019,7.1
Algeria,DZA,2020,4.4
Algeria,DZA,2021,4.4
Algeria,DZA,2022,4.4
Algeria,DZA,2023,4.4
Algeria,DZA,2024,4.4
East Asia & Pacific (excluding high income),EAP,2013,7.380616272
East Asia & Pacific (excluding high income),EAP,2014,7.404754267
East Asia & Pacific (excluding high income),EAP,2015,7.406918998
East Asia & Pacific (excluding high income),EAP,2017,7.445516826
East Asia & Pacific (excluding high income),EAP,2019,7.137840486
East Asia & Pacific (excluding high income),EAP,2020,7.276842175
East Asia & Pacific (excluding high income),EAP,2021,7.330553543
East Asia & Pacific (excluding high income),EAP,2022,7.334383011
East Asia & Pacific (excluding high income),EAP,2023,7.33793106
East Asia & Pacific (excluding high income),EAP,2024,7.316376984
Early-demographic dividend,EAR,2013,8.462483548
Early-demographic dividend,EAR,2014,8.47154591
Early-demographic dividend,EAR,2015,8.586360723
Early-demographic dividend,EAR,2017,8.804474953
Early-demographic dividend,EAR,2019,8.90898909
Early-demographic dividend,EAR,2020,8.948945185
Early-demographic dividend,EAR,2021,9.222064679
Early-demographic dividend,EAR,2022,9.432807474
Early-demographic dividend,EAR,2023,9.79625874
Early-demographic dividend,EAR,2024,10.03912199
East Asia & Pacific,EAS,2013,12.00956365
East Asia & Pacific,EAS,2014,14.7868135
East Asia & Pacific,EAS,2015,14.04172273
East Asia & Pacific,EAS,2017,15.40336202
East Asia & Pacific,EAS,2019,15.42361884
East Asia & Pacific,EAS,2020,15.54516851
East Asia & Pacific,EAS,2021,16.21395128
East Asia & Pacific,EAS,2022,16.21611644
East Asia & Pacific,EAS,2023,16.20891793
East Asia & Pacific,EAS,2024,16.52209661
Europe & Central Asia (excluding high income),ECA,2013,4.069047629
Europe & Central Asia (excluding high income),ECA,2014,3.734596981
Europe & Central Asia (excluding high income),ECA,2015,3.746210703
Europe & Central Asia (excluding high income),ECA,2017,3.840980677
Europe & Central Asia (excluding high income),ECA,2019,3.886712273
Europe & Central Asia (excluding high income),ECA,2020,7.694671123
Europe & Central Asia (excluding high income),ECA,2021,9.62019288
Europe & Central Asia (excluding high income),ECA,2022,9.658951617
Europe & Central Asia (excluding high income),ECA,2023,9.907316848
Europe & Central Asia (excluding high income),ECA,2024,11.09736998
Europe & Central Asia,ECS,2013,10.33005767
Europe & Central Asia,ECS,2014,9.826455978
Europe & Central Asia,ECS,2015,9.903129579
Europe & Central Asia,ECS,2017,10.74838401
Europe & Central Asia,ECS,2019,11.03351387
Europe & Central Asia,ECS,2020,12.36656994
Europe & Central Asia,ECS,2021,12.89828286
Europe & Central Asia,ECS,2022,12.9082082
Europe & Central Asia,ECS,2023,12.69488637
Europe & Central Asia,ECS,2024,12.95595732
Ecuador,ECU,2013,15.4
Ecuador,ECU,2014,15.4
Ecuador,ECU,2015,14.4
Ecuador,ECU,2016,14.39643275
Ecuador,ECU,2017,14.4
Ecuador,ECU,2018,14.95513971
Ecuador,ECU,2019,15
Ecuador,ECU,2020,15.1
Ecuador,ECU,2021,15.3
Ecuador,ECU,2022,20
Ecuador,ECU,2023,20
Ecuador,ECU,2024,20.1
Egypt,EGY,2013,11.5
Egypt,EGY,2014,11.6
Egypt,EGY,2015,11.6
Egypt,EGY,2016,11.55115349
Egypt,EGY,2017,11.5
Egypt,EGY,2018,11.55079702
Egypt,EGY,2019,11.6
Egypt,EGY,2020,11.6
Egypt,EGY,2021,11.6
Egypt,EGY,2022,11.6
Egypt,EGY,2023,11.6
Egypt,EGY,2024,11.5
Euro area,EMU,2013,13.14965993
Euro area,EMU,2014,13.19885266
Euro area,EMU,2015,14.01380548
Euro area,EMU,2017,17.10168321
Euro area,EMU,2019,18.81690012
Euro area,EMU,2020,19.13504642
Euro area,EMU,2021,19.20534522
Euro area,EMU,2022,19.26557412
Euro area,EMU,2023,19.26557412
Euro area,EMU,2024,19.45811758
Eritrea,ERI,2013,3
Eritrea,ERI,2014,3
Eritrea,ERI,2015,3
Eritrea,ERI,2016,4.872187166
Eritrea,ERI,2017,3
Eritrea,ERI,2018,2.958340929
Eritrea,ERI,2019,3
Eritrea,ERI,2020,3
Eritrea,ERI,2021,0
Eritrea,ERI,2022,0
Eritrea,ERI,2023,0
Eritrea,ERI,2024,0
Spain,ESP,2013,11.1
Spain,ESP,2014,10.1
Spain,ESP,2015,14.1
Spain,ESP,2016,15.19563264
Spain,ESP,2017,14.9
Spain,ESP,2018,14.97400981
Spain,ESP,2019,17.9
Spain,ESP,2020,17.9
Spain,ESP,2021,17.9
Spain,ESP,2022,17.9
Spain,ESP,2023,17.9
Spain,ESP,2024,17.9
Estonia,EST,2013,19.4
Estonia,EST,2014,19.4
Estonia,EST,2015,19.4
Estonia,EST,2016,19.48683327
Estonia,EST,2017,19.5
Estonia,EST,2018,19.50809905
Estonia,EST,2019,19.7
Estonia,EST,2020,20.1
Estonia,EST,2021,20.2
Estonia,EST,2022,20.2
Estonia,EST,2023,20.2
Estonia,EST,2024,20.8
Ethiopia,ETH,2013,18.5
Ethiopia,ETH,2014,18.5
Ethiopia,ETH,2015,18.5
Ethiopia,ETH,2016,18.47495203
Ethiopia,ETH,2017,18.5
Ethiopia,ETH,2018,18.47496031
Ethiopia,ETH,2019,17.6
Ethiopia,ETH,2020,16.1
Ethiopia,ETH,2021,17
Ethiopia,ETH,2022,17
Ethiopia,ETH,2023,17
Ethiopia,ETH,2024,17
European Union,EUU,2013,14.58938286
European Union,EUU,2014,14.58574751
European Union,EUU,2015,15.28514413
European Union,EUU,2017,18.25280195
European Union,EUU,2019,19.66571016
European Union,EUU,2020,19.93810558
European Union,EUU,2021,20.00235108
European Union,EUU,2022,20.09644948
European Union,EUU,2023,20.09644948
European Union,EUU,2024,20.29866035
Fragile and conflict affected situations,FCS,2013,8.235728105
Fragile and conflict affected situations,FCS,2014,8.147221957
Fragile and conflict affected situations,FCS,2015,8.189180316
Fragile and conflict affected situations,FCS,2017,8.456582245
Fragile and conflict affected situations,FCS,2019,8.116694363
Fragile and conflict affected situations,FCS,2020,8.385941318
Fragile and conflict affected situations,FCS,2021,8.555488426
Fragile and conflict affected situations,FCS,2022,8.560534803
Fragile and conflict affected situations,FCS,2023,8.572144713
Fragile and conflict affected situations,FCS,2024,8.705119213
Finland,FIN,2013,13.9
Finland,FIN,2014,14.2
Finland,FIN,2015,14.2
Finland,FIN,2016,14.21091854
Finland,FIN,2017,14.1
Finland,FIN,2018,14.16031393
Finland,FIN,2019,13.1
Finland,FIN,2020,13
Finland,FIN,2021,13.1
Finland,FIN,2022,13.1
Finland,FIN,2023,13.1
Finland,FIN,2024,13.3
Fiji,FJI,2013,1
Fiji,FJI,2014,1
Fiji,FJI,2015,1
Fiji,FJI,2016,0.989795911
Fiji,FJI,2017,1
Fiji,FJI,2018,0.99036935
Fiji,FJI,2019,1
Fiji,FJI,2020,1
Fiji,FJI,2021,1
Fiji,FJI,2022,1
Fiji,FJI,2023,1
Fiji,FJI,2024,1
France,FRA,2013,23.5
France,FRA,2014,23.4
France,FRA,2015,23.2
France,FRA,2016,26.08071835
France,FRA,2017,27.8
France,FRA,2018,33.20749968
France,FRA,2019,35
France,FRA,2020,36.2
France,FRA,2021,36.4
France,FRA,2022,36.6
France,FRA,2023,36.6
France,FRA,2024,36.8
Faroe Islands,FRO,2013,0
Faroe Islands,FRO,2014,0
Faroe Islands,FRO,2015,0
Faroe Islands,FRO,2016,0.023492473
Faroe Islands,FRO,2017,0
Faroe Islands,FRO,2018,0.023371679
Faroe Islands,FRO,2019,0
Faroe Islands,FRO,2020,0
Faroe Islands,FRO,2021,0
Faroe Islands,FRO,2022,0
Faroe Islands,FRO,2023,0
Faroe Islands,FRO,2024,0
Federated States of Micronesia,FSM,2013,0
Federated States of Micronesia,FSM,2014,0
Federated States of Micronesia,FSM,2015,0
Federated States of Micronesia,FSM,2016,0.018720536
Federated States of Micronesia,FSM,2017,0
Federated States of Micronesia,FSM,2018,0.015781437
Federated States of Micronesia,FSM,2019,0
Federated States of Micronesia,FSM,2020,0
Federated States of Micronesia,FSM,2021,0
Federated States of Micronesia,FSM,2022,0
Federated States of Micronesia,FSM,2023,0
Federated States of Micronesia,FSM,2024,0
Gabon,GAB,2013,12
Gabon,GAB,2014,12.1
Gabon,GAB,2015,12.1
Gabon,GAB,2016,12.0754505
Gabon,GAB,2017,25.1
Gabon,GAB,2018,25.1293641
Gabon,GAB,2019,25.1
Gabon,GAB,2020,25.1
Gabon,GAB,2021,25.1
Gabon,GAB,2022,25.1
Gabon,GAB,2023,25.1
Gabon,GAB,2024,24.5
United Kingdom,GBR,2013,11.3
United Kingdom,GBR,2014,19.7
United Kingdom,GBR,2015,16.6
United Kingdom,GBR,2016,22.26206452
United Kingdom,GBR,2017,28.9
United Kingdom,GBR,2018,28.8252339
United Kingdom,GBR,2019,29
United Kingdom,GBR,2020,40.3
United Kingdom,GBR,2021,39.9
United Kingdom,GBR,2022,39.9
United Kingdom,GBR,2023,39.9
United Kingdom,GBR,2024,42.1
Georgia,GEO,2013,6.1
Georgia,GEO,2014,6.4
Georgia,GEO,2015,6.4
Georgia,GEO,2016,6.441048205
Georgia,GEO,2017,6.4
Georgia,GEO,2018,6.442949313
Georgia,GEO,2019,7.2
Georgia,GEO,2020,7.2
Georgia,GEO,2021,7.2
Georgia,GEO,2022,8.5
Georgia,GEO,2023,8.5
Georgia,GEO,2024,17.4
Ghana,GHA,2013,7.8
Ghana,GHA,2014,7.8
Ghana,GHA,2015,7.8
Ghana,GHA,2016,7.794238609
Ghana,GHA,2017,7.8
Ghana,GHA,2018,7.794719421
Ghana,GHA,2019,7.8
Ghana,GHA,2020,7.7
Ghana,GHA,2021,7.7
Ghana,GHA,2022,7.7
Ghana,GHA,2023,7.7
Ghana,GHA,2024,7.7
Gibraltar,GIB,2013,0.1
Gibraltar,GIB,2014,13.2
Gibraltar,GIB,2015,13.2
Gibraltar,GIB,2016,13.12759097
Gibraltar,GIB,2017,13.2
Gibraltar,GIB,2018,13.15933523
Gibraltar,GIB,2019,13.2
Gibraltar,GIB,2020,0.1
Gibraltar,GIB,2021,0.1
Gibraltar,GIB,2022,0
Gibraltar,GIB,2023,0
Gibraltar,GIB,2024,0.5
Guinea,GIN,2013,21.4
Guinea,GIN,2014,21.4
Guinea,GIN,2015,21.4
Guinea,GIN,2016,21.36732601
Guinea,GIN,2017,24.8
Guinea,GIN,2018,24.79928495
Guinea,GIN,2019,24.8
Guinea,GIN,2020,24.9
Guinea,GIN,2021,26.1
Guinea,GIN,2022,26.1
Guinea,GIN,2023,26.1
Guinea,GIN,2024,26.2
"Gambia, The",GMB,2013,1.4
"Gambia, The",GMB,2014,1.4
"Gambia, The",GMB,2015,1.4
"Gambia, The",GMB,2016,1.367025436
"Gambia, The",GMB,2017,1.4
"Gambia, The",GMB,2018,1.366154072
"Gambia, The",GMB,2019,1.4
"Gambia, The",GMB,2020,2.9
"Gambia, The",GMB,2021,2.9
"Gambia, The",GMB,2022,2.9
"Gambia, The",GMB,2023,2.9
"Gambia, The",GMB,2024,2.9
Guinea-Bissau,GNB,2013,10.3
Guinea-Bissau,GNB,2014,10.3
Guinea-Bissau,GNB,2015,11.5
Guinea-Bissau,GNB,2016,11.62021971
Guinea-Bissau,GNB,2017,11.6
Guinea-Bissau,GNB,2018,11.61993346
Guinea-Bissau,GNB,2019,11.6
Guinea-Bissau,GNB,2020,13.2
Guinea-Bissau,GNB,2021,13.2
Guinea-Bissau,GNB,2022,13.4
Guinea-Bissau,GNB,2023,13.4
Guinea-Bissau,GNB,2024,13.2
Equatorial Guinea,GNQ,2013,2.1
Equatorial Guinea,GNQ,2014,2.1
Equatorial Guinea,GNQ,2015,2.1
Equatorial Guinea,GNQ,2016,1.76532601
Equatorial Guinea,GNQ,2017,1.8
Equatorial Guinea,GNQ,2018,1.765312041
Equatorial Guinea,GNQ,2019,1.8
Equatorial Guinea,GNQ,2020,1.8
Equatorial Guinea,GNQ,2021,1.8
Equatorial Guinea,GNQ,2022,1.8
Equatorial Guinea,GNQ,2023,1.8
Equatorial Guinea,GNQ,2024,1.8
Greece,GRC,2013,8.6
Greece,GRC,2014,8.6
Greece,GRC,2015,8.6
Greece,GRC,2016,8.563345285
Greece,GRC,2017,8.6
Greece,GRC,2018,11.02835053
Greece,GRC,2019,11
Greece,GRC,2020,11
Greece,GRC,2021,11
Greece,GRC,2022,11
Greece,GRC,2023,11
Greece,GRC,2024,11.2
Grenada,GRD,2013,0
Grenada,GRD,2014,0
Grenada,GRD,2015,0.2
Grenada,GRD,2016,0.172574854
Grenada,GRD,2017,0.2
Grenada,GRD,2018,0.222068705
Grenada,GRD,2019,0.2
Grenada,GRD,2020,0.2
Grenada,GRD,2021,0.2
Grenada,GRD,2022,0.2
Grenada,GRD,2023,0.2
Grenada,GRD,2024,0.2
Greenland,GRL,2013,22.4
Greenland,GRL,2014,22.4
Greenland,GRL,2015,22.4
Greenland,GRL,2016,22.35997889
Greenland,GRL,2017,22.4
Greenland,GRL,2018,22.37828286
Greenland,GRL,2019,22.4
Greenland,GRL,2020,22.4
Greenland,GRL,2021,22.6
Greenland,GRL,2022,22.4
Greenland,GRL,2023,22.4
Greenland,GRL,2024,22.6
Guatemala,GTM,2013,15.7
Guatemala,GTM,2014,15.7
Guatemala,GTM,2015,15.7
Guatemala,GTM,2016,15.70673977
Guatemala,GTM,2017,15.7
Guatemala,GTM,2018,10.12111264
Guatemala,GTM,2019,10.1
Guatemala,GTM,2020,10.1
Guatemala,GTM,2021,10.1
Guatemala,GTM,2022,10.1
Guatemala,GTM,2023,10.1
Guatemala,GTM,2024,10.2
Guam,GUM,2013,0.1
Guam,GUM,2014,0.1
Guam,GUM,2015,0.1
Guam,GUM,2016,0.069425194
Guam,GUM,2017,0.1
Guam,GUM,2018,0.071134099
Guam,GUM,2019,0.1
Guam,GUM,2020,0
Guam,GUM,2021,0
Guam,GUM,2022,0
Guam,GUM,2023,0
Guam,GUM,2024,0
Guyana,GUY,2013,5.3
Guyana,GUY,2014,5.3
Guyana,GUY,2015,5.3
Guyana,GUY,2016,5.306076838
Guyana,GUY,2017,5.3
Guyana,GUY,2018,5.306077348
Guyana,GUY,2019,5.2
Guyana,GUY,2020,5.2
Guyana,GUY,2021,5.2
Guyana,GUY,2022,5.2
Guyana,GUY,2023,5.2
Guyana,GUY,2024,5.1
High income,HIC,2013,12.53437085
High income,HIC,2014,13.8381774
High income,HIC,2015,14.60806297
High income,HIC,2017,16.67422212
High income,HIC,2019,18.11881078
High income,HIC,2020,18.52572725
High income,HIC,2021,18.04064833
High income,HIC,2022,18.12527848
High income,HIC,2023,18.20767008
High income,HIC,2024,18.61143463
Hong Kong,HKG,2013,42.1
Hong Kong,HKG,2014,42.1
Hong Kong,HKG,2015,41.9
Hong Kong,HKG,2016,41.9047619
Hong Kong,HKG,2017,41.9
Hong Kong,HKG,2018,48.92550475
Hong Kong,HKG,2019,41.9
Hong Kong,HKG,2020,41.9
Hong Kong,HKG,2021,41.9
Hong Kong,HKG,2022,41.9
Hong Kong,HKG,2023,41.9
Hong Kong,HKG,2024,42
Honduras,HND,2013,7.5
Honduras,HND,2014,12.2
Honduras,HND,2015,12.2
Honduras,HND,2016,12.42893369
Honduras,HND,2017,12.4
Honduras,HND,2018,10.86370093
Honduras,HND,2019,10.9
Honduras,HND,2020,11
Honduras,HND,2021,11
Honduras,HND,2022,11
Honduras,HND,2023,11
Honduras,HND,2024,11.2
Heavily indebted poor countries (HIPC),HPC,2013,12.4536961
Heavily indebted poor countries (HIPC),HPC,2014,12.64169395
Heavily indebted poor countries (HIPC),HPC,2015,12.96764868
Heavily indebted poor countries (HIPC),HPC,2017,13.70019611
Heavily indebted poor countries (HIPC),HPC,2019,13.0187179
Heavily indebted poor countries (HIPC),HPC,2020,13.28817703
Heavily indebted poor countries (HIPC),HPC,2021,13.35507069
Heavily indebted poor countries (HIPC),HPC,2022,13.36565694
Heavily indebted poor countries (HIPC),HPC,2023,13.422468
Heavily indebted poor countries (HIPC),HPC,2024,13.58555355
Croatia,HRV,2013,8
Croatia,HRV,2014,23.7
Croatia,HRV,2015,23.7
Croatia,HRV,2016,23.50640991
Croatia,HRV,2017,23.6
Croatia,HRV,2018,23.58172659
Croatia,HRV,2019,23.6
Croatia,HRV,2020,23.9
Croatia,HRV,2021,23.9
Croatia,HRV,2022,23.9
Croatia,HRV,2023,23.9
Croatia,HRV,2024,24.1
Haiti,HTI,2013,0
Haiti,HTI,2014,0
Haiti,HTI,2015,0
Haiti,HTI,2016,0.270169623
Haiti,HTI,2017,0.3
Haiti,HTI,2018,0.353092294
Haiti,HTI,2019,2.5
Haiti,HTI,2020,2.5
Haiti,HTI,2021,2.8
Haiti,HTI,2022,2.8
Haiti,HTI,2023,2.8
Haiti,HTI,2024,3
Hungary,HUN,2013,23.2
Hungary,HUN,2014,22.6
Hungary,HUN,2015,22.6
Hungary,HUN,2016,22.60192715
Hungary,HUN,2017,22.6
Hungary,HUN,2018,22.59755816
Hungary,HUN,2019,22.6
Hungary,HUN,2020,22.6
Hungary,HUN,2021,22.6
Hungary,HUN,2022,22.6
Hungary,HUN,2023,22.6
Hungary,HUN,2024,22.6
IBRD only,IBD,2013,10.07479191
IBRD only,IBD,2014,10.36471352
IBRD only,IBD,2015,10.05864636
IBRD only,IBD,2017,11.45145047
IBRD only,IBD,2019,13.53715262
IBRD only,IBD,2020,14.13118352
IBRD only,IBD,2021,14.32270172
IBRD only,IBD,2022,14.57678362
IBRD only,IBD,2023,14.65380588
IBRD only,IBD,2024,14.88114733
IDA & IBRD total,IBT,2013,9.52493468
IDA & IBRD total,IBT,2014,9.669220347
IDA & IBRD total,IBT,2015,9.465941405
IDA & IBRD total,IBT,2017,10.55091674
IDA & IBRD total,IBT,2019,11.9172261
IDA & IBRD total,IBT,2020,12.39640363
IDA & IBRD total,IBT,2021,12.54285133
IDA & IBRD total,IBT,2022,12.72141077
IDA & IBRD total,IBT,2023,12.80140058
IDA & IBRD total,IBT,2024,13.02979562
IDA total,IDA,2013,8.209289199
IDA total,IDA,2014,8.035865127
IDA total,IDA,2015,8.073982758
IDA total,IDA,2017,8.436026864
IDA total,IDA,2019,8.218272754
IDA total,IDA,2020,8.435193172
IDA total,IDA,2021,8.467958006
IDA total,IDA,2022,8.473611904
IDA total,IDA,2023,8.560395802
IDA total,IDA,2024,8.791202994
IDA blend,IDB,2013,6.839680952
IDA blend,IDB,2014,6.698155141
IDA blend,IDB,2015,6.689363253
IDA blend,IDB,2017,6.839009798
IDA blend,IDB,2019,6.871578636
IDA blend,IDB,2020,6.848422477
IDA blend,IDB,2021,6.853245147
IDA blend,IDB,2022,6.839315617
IDA blend,IDB,2023,7.048324373
IDA blend,IDB,2024,7.761279194
Indonesia,IDN,2013,6.1
Indonesia,IDN,2014,5.1
Indonesia,IDN,2015,5.1
Indonesia,IDN,2016,5.063359019
Indonesia,IDN,2017,5.1
Indonesia,IDN,2018,5.268233446
Indonesia,IDN,2019,5.3
Indonesia,IDN,2020,5.3
Indonesia,IDN,2021,5.3
Indonesia,IDN,2022,5.3
Indonesia,IDN,2023,5.3
Indonesia,IDN,2024,5.2
IDA only,IDX,2013,8.562270823
IDA only,IDX,2014,8.37265028
IDA only,IDX,2015,8.422577966
IDA only,IDX,2017,8.838095804
IDA only,IDX,2019,8.545640898
IDA only,IDX,2020,8.82092158
IDA only,IDX,2021,8.86047888
IDA only,IDX,2022,8.870893318
IDA only,IDX,2023,8.927965551
IDA only,IDX,2024,9.041567378
Isle of Man,IMN,2015,0.3
Isle of Man,IMN,2016,4.294057025
Isle of Man,IMN,2017,3.7
Isle of Man,IMN,2018,4.229107195
Isle of Man,IMN,2019,5.5
Isle of Man,IMN,2020,5.5
Isle of Man,IMN,2021,5.5
Isle of Man,IMN,2022,5.5
Isle of Man,IMN,2023,5.8
Isle of Man,IMN,2024,4.6
India,IND,2013,3.4
India,IND,2014,3.5
India,IND,2015,3.5
India,IND,2016,3.479305985
India,IND,2017,3.5
India,IND,2018,3.479306895
India,IND,2019,3.5
India,IND,2020,3.5
India,IND,2021,4.4
India,IND,2022,4.4
India,IND,2023,4.4
India,IND,2024,4.5
Ireland,IRL,2013,3.3
Ireland,IRL,2014,3.4
Ireland,IRL,2015,4
Ireland,IRL,2016,4.042933717
Ireland,IRL,2017,4
Ireland,IRL,2018,4.042231006
Ireland,IRL,2019,4
Ireland,IRL,2020,4
Ireland,IRL,2021,4
Ireland,IRL,2022,4
Ireland,IRL,2023,4
Ireland,IRL,2024,4.1
Iran,IRN,2013,6.5
Iran,IRN,2014,6.5
Iran,IRN,2015,6.5
Iran,IRN,2016,7.666553424
Iran,IRN,2017,7.7
Iran,IRN,2018,7.666520673
Iran,IRN,2019,7.7
Iran,IRN,2020,7.7
Iran,IRN,2021,7.7
Iran,IRN,2022,7.7
Iran,IRN,2023,7.7
Iran,IRN,2024,7.7
Iraq,IRQ,2013,0.3
Iraq,IRQ,2014,0.9
Iraq,IRQ,2015,0.9
Iraq,IRQ,2016,1.540778909
Iraq,IRQ,2017,1.5
Iraq,IRQ,2018,1.531327587
Iraq,IRQ,2019,1.5
Iraq,IRQ,2020,1.5
Iraq,IRQ,2021,1.5
Iraq,IRQ,2022,1.5
Iraq,IRQ,2023,1.5
Iraq,IRQ,2024,1.5
Iceland,ISL,2013,2.7
Iceland,ISL,2014,2.3
Iceland,ISL,2015,2.3
Iceland,ISL,2016,2.421746696
Iceland,ISL,2017,2.5
Iceland,ISL,2018,2.50646685
Iceland,ISL,2019,2.7
Iceland,ISL,2020,2.8
Iceland,ISL,2021,2.8
Iceland,ISL,2022,2.9
Iceland,ISL,2023,2.9
Iceland,ISL,2024,2.9
Israel,ISR,2013,8.6
Israel,ISR,2014,8.6
Israel,ISR,2015,8.6
Israel,ISR,2016,8.581730277
Israel,ISR,2017,8.6
Israel,ISR,2018,8.582712219
Israel,ISR,2019,10.5
Israel,ISR,2020,10.5
Israel,ISR,2021,10.5
Israel,ISR,2022,10.5
Israel,ISR,2023,10.5
Israel,ISR,2024,12.2
Italy,ITA,2013,11.2
Italy,ITA,2014,11.3
Italy,ITA,2015,11.3
Italy,ITA,2016,13.34644424
Italy,ITA,2017,13.3
Italy,ITA,2018,13.3653061
Italy,ITA,2019,13.3
Italy,ITA,2020,14
Italy,ITA,2021,14.5
Italy,ITA,2022,14.5
Italy,ITA,2023,14.5
Italy,ITA,2024,14.6
Jamaica,JAM,2013,1.4
Jamaica,JAM,2014,1.4
Jamaica,JAM,2015,1.4
Jamaica,JAM,2016,1.405566509
Jamaica,JAM,2017,1.4
Jamaica,JAM,2018,1.405642855
Jamaica,JAM,2019,1.4
Jamaica,JAM,2020,1.4
Jamaica,JAM,2021,1.4
Jamaica,JAM,2022,1.6
Jamaica,JAM,2023,1.6
Jamaica,JAM,2024,1.6
Jordan,JOR,2013,1.5
Jordan,JOR,2014,1.7
Jordan,JOR,2015,1.7
Jordan,JOR,2016,1.765357777
Jordan,JOR,2017,1.8
Jordan,JOR,2018,1.805987143
Jordan,JOR,2019,3.1
Jordan,JOR,2020,4.5
Jordan,JOR,2021,4.5
Jordan,JOR,2022,4.5
Jordan,JOR,2023,4.5
Jordan,JOR,2024,5.4
Japan,JPN,2013,1.9
Japan,JPN,2014,2.1
Japan,JPN,2015,2.1
Japan,JPN,2016,2.091836213
Japan,JPN,2017,10
Japan,JPN,2018,10.02628871
Japan,JPN,2019,10
Japan,JPN,2020,10
Japan,JPN,2021,15.2
Japan,JPN,2022,15.2
Japan,JPN,2023,15.2
Japan,JPN,2024,15.1
Kazakhstan,KAZ,2013,3.2
Kazakhstan,KAZ,2014,3.2
Kazakhstan,KAZ,2015,3.2
Kazakhstan,KAZ,2016,3.189425079
Kazakhstan,KAZ,2017,3.2
Kazakhstan,KAZ,2018,3.217164026
Kazakhstan,KAZ,2019,3.2
Kazakhstan,KAZ,2020,11.7
Kazakhstan,KAZ,2021,11.7
Kazakhstan,KAZ,2022,11.7
Kazakhstan,KAZ,2023,11.7
Kazakhstan,KAZ,2024,11.9
Kenya,KEN,2013,12.1
Kenya,KEN,2014,10.3
Kenya,KEN,2015,10.3
Kenya,KEN,2016,10.50502138
Kenya,KEN,2017,10.5
Kenya,KEN,2018,10.50508289
Kenya,KEN,2019,10.5
Kenya,KEN,2020,10.5
Kenya,KEN,2021,10.5
Kenya,KEN,2022,10.3
Kenya,KEN,2023,10.3
Kenya,KEN,2024,11.8
Kyrgyzstan,KGZ,2013,6.5
Kyrgyzstan,KGZ,2014,6.5
Kyrgyzstan,KGZ,2015,6.5
Kyrgyzstan,KGZ,2016,6.514400596
Kyrgyzstan,KGZ,2017,6.7
Kyrgyzstan,KGZ,2018,6.702692983
Kyrgyzstan,KGZ,2019,6.7
Kyrgyzstan,KGZ,2020,6.7
Kyrgyzstan,KGZ,2021,6.7
Kyrgyzstan,KGZ,2022,6.7
Kyrgyzstan,KGZ,2023,6.7
Kyrgyzstan,KGZ,2024,6.8
Cambodia,KHM,2013,20.9
Cambodia,KHM,2014,20.6
Cambodia,KHM,2015,20.6
Cambodia,KHM,2016,20.64927728
Cambodia,KHM,2017,20.6
Cambodia,KHM,2018,20.64949541
Cambodia,KHM,2019,20.6
Cambodia,KHM,2020,31.8
Cambodia,KHM,2021,31.8
Cambodia,KHM,2022,31.8
Cambodia,KHM,2023,31.8
Cambodia,KHM,2024,31.8
Kiribati,KIR,2013,11.8
Kiribati,KIR,2014,11.8
Kiribati,KIR,2015,11.8
Kiribati,KIR,2016,11.81730456
Kiribati,KIR,2017,11.8
Kiribati,KIR,2018,11.82104668
Kiribati,KIR,2019,11.8
Kiribati,KIR,2020,11.8
Kiribati,KIR,2021,11.8
Kiribati,KIR,2022,11.8
Kiribati,KIR,2023,11.8
Kiribati,KIR,2024,11.9
Saint Kitts and Nevis,KNA,2013,0.3
Saint Kitts and Nevis,KNA,2014,0.3
Saint Kitts and Nevis,KNA,2015,0.3
Saint Kitts and Nevis,KNA,2016,0.246826851
Saint Kitts and Nevis,KNA,2017,0.3
Saint Kitts and Nevis,KNA,2018,0.250803474
Saint Kitts and Nevis,KNA,2019,4.5
Saint Kitts and Nevis,KNA,2020,4.5
Saint Kitts and Nevis,KNA,2021,4.5
Saint Kitts and Nevis,KNA,2022,4.5
Saint Kitts and Nevis,KNA,2023,4.5
Saint Kitts and Nevis,KNA,2024,4.8
South korea,KOR,2013,2.3
South korea,KOR,2014,2.6
South korea,KOR,2015,2.6
South korea,KOR,2016,3.885269528
South korea,KOR,2017,3.9
South korea,KOR,2018,3.990245738
South korea,KOR,2019,5.5
South korea,KOR,2020,5.8
South korea,KOR,2021,5.9
South korea,KOR,2022,5.9
South korea,KOR,2023,5.9
South korea,KOR,2024,5.8
Kuwait,KWT,2013,11.2
Kuwait,KWT,2014,11.2
Kuwait,KWT,2015,11.2
Kuwait,KWT,2016,10.99827043
Kuwait,KWT,2017,11
Kuwait,KWT,2018,10.99895775
Kuwait,KWT,2019,10.7
Kuwait,KWT,2020,10.7
Kuwait,KWT,2021,10.7
Kuwait,KWT,2022,10.7
Kuwait,KWT,2023,11.4
Kuwait,KWT,2024,11.5
Latin America & Caribbean (excluding high income),LAC,2013,13.54747726
Latin America & Caribbean (excluding high income),LAC,2014,14.66678807
Latin America & Caribbean (excluding high income),LAC,2015,14.3066087
Latin America & Caribbean (excluding high income),LAC,2017,16.38424192
Latin America & Caribbean (excluding high income),LAC,2019,20.25919026
Latin America & Caribbean (excluding high income),LAC,2020,20.28282747
Latin America & Caribbean (excluding high income),LAC,2021,20.35870954
Latin America & Caribbean (excluding high income),LAC,2022,21.26775796
Latin America & Caribbean (excluding high income),LAC,2023,21.34530728
Latin America & Caribbean (excluding high income),LAC,2024,22.03209705
Laos,LAO,2013,16.7
Laos,LAO,2014,16.7
Laos,LAO,2015,16.7
Laos,LAO,2016,16.68222527
Laos,LAO,2017,16.7
Laos,LAO,2018,16.68220563
Laos,LAO,2019,16.7
Laos,LAO,2020,18.7
Laos,LAO,2021,18.7
Laos,LAO,2022,18.7
Laos,LAO,2023,19
Laos,LAO,2024,18.8
Lebanon,LBN,2013,0.2
Lebanon,LBN,2014,0.9
Lebanon,LBN,2015,0.9
Lebanon,LBN,2016,1.042341321
Lebanon,LBN,2017,1
Lebanon,LBN,2018,1.042726632
Lebanon,LBN,2019,1
Lebanon,LBN,2020,1
Lebanon,LBN,2021,0.8
Lebanon,LBN,2022,0.8
Lebanon,LBN,2023,0.8
Lebanon,LBN,2024,2.9
Liberia,LBR,2013,0.8
Liberia,LBR,2014,0.8
Liberia,LBR,2015,0.8
Liberia,LBR,2016,0.773224089
Liberia,LBR,2017,1.2
Liberia,LBR,2018,1.211086308
Liberia,LBR,2019,1.2
Liberia,LBR,2020,1.2
Liberia,LBR,2021,1.2
Liberia,LBR,2022,1.2
Liberia,LBR,2023,1.2
Liberia,LBR,2024,1.2
Libya,LBY,2013,0.1
Libya,LBY,2014,0.3
Libya,LBY,2015,0.3
Libya,LBY,2016,0.288612427
Libya,LBY,2017,0.3
Libya,LBY,2018,0.28857344
Libya,LBY,2019,0.3
Libya,LBY,2020,0.2
Libya,LBY,2021,0.2
Libya,LBY,2022,0.2
Libya,LBY,2023,0.2
Libya,LBY,2024,0.2
Saint Lucia,LCA,2013,0.7
Saint Lucia,LCA,2014,0.7
Saint Lucia,LCA,2015,0.9
Saint Lucia,LCA,2016,0.933100985
Saint Lucia,LCA,2017,0.9
Saint Lucia,LCA,2018,0.931020062
Saint Lucia,LCA,2019,0.9
Saint Lucia,LCA,2020,0.9
Saint Lucia,LCA,2021,0.9
Saint Lucia,LCA,2022,0.9
Saint Lucia,LCA,2023,0.9
Saint Lucia,LCA,2024,1
Latin America & Caribbean,LCN,2013,12.83003588
Latin America & Caribbean,LCN,2014,13.71876501
Latin America & Caribbean,LCN,2015,13.44587161
Latin America & Caribbean,LCN,2017,15.98633407
Latin America & Caribbean,LCN,2019,21.65665983
Latin America & Caribbean,LCN,2020,21.87391977
Latin America & Caribbean,LCN,2021,22.06062749
Latin America & Caribbean,LCN,2022,22.78730855
Latin America & Caribbean,LCN,2023,22.84835778
Latin America & Caribbean,LCN,2024,23.38035099
Least developed countries: UN classification,LDC,2013,10.33946658
Least developed countries: UN classification,LDC,2014,10.01517047
Least developed countries: UN classification,LDC,2015,10.0695223
Least developed countries: UN classification,LDC,2017,10.59983667
Least developed countries: UN classification,LDC,2019,10.19666881
Least developed countries: UN classification,LDC,2020,10.60527066
Least developed countries: UN classification,LDC,2021,10.65567531
Least developed countries: UN classification,LDC,2022,10.66894558
Least developed countries: UN classification,LDC,2023,10.88737538
Least developed countries: UN classification,LDC,2024,11.02489472
Low income,LIC,2013,9.768162283
Low income,LIC,2014,9.514678847
Low income,LIC,2015,9.617497496
Low income,LIC,2017,10.1406338
Low income,LIC,2019,9.350781202
Low income,LIC,2020,9.879346318
Low income,LIC,2021,9.924002738
Low income,LIC,2022,9.925497561
Low income,LIC,2023,9.925497561
Low income,LIC,2024,10.14932652
Liechtenstein,LIE,2013,42.2
Liechtenstein,LIE,2014,42.2
Liechtenstein,LIE,2015,42.2
Liechtenstein,LIE,2016,42.48952723
Liechtenstein,LIE,2017,11.9
Liechtenstein,LIE,2018,11.93510418
Liechtenstein,LIE,2019,42.2
Liechtenstein,LIE,2020,42.6
Liechtenstein,LIE,2021,42.6
Liechtenstein,LIE,2022,42.6
Liechtenstein,LIE,2023,42.6
Liechtenstein,LIE,2024,44.8
Sri Lanka,LKA,2013,2.5
Sri Lanka,LKA,2014,2.6
Sri Lanka,LKA,2015,3.4
Sri Lanka,LKA,2016,3.378798485
Sri Lanka,LKA,2017,3.4
Sri Lanka,LKA,2018,3.378642523
Sri Lanka,LKA,2019,3.4
Sri Lanka,LKA,2020,3.4
Sri Lanka,LKA,2021,3.4
Sri Lanka,LKA,2022,3.4
Sri Lanka,LKA,2023,3.4
Sri Lanka,LKA,2024,3.4
Lower middle income,LMC,2013,7.667783087
Lower middle income,LMC,2014,8.710509438
Lower middle income,LMC,2015,8.173285277
Lower middle income,LMC,2017,8.401866749
Lower middle income,LMC,2019,8.462347089
Lower middle income,LMC,2020,8.227811513
Lower middle income,LMC,2021,8.381117926
Lower middle income,LMC,2022,8.387681465
Lower middle income,LMC,2023,8.617714404
Lower middle income,LMC,2024,8.805982882
Low & middle income,LMY,2013,9.531467217
Low & middle income,LMY,2014,9.926434221
Low & middle income,LMY,2015,9.669846709
Low & middle income,LMY,2017,10.40359559
Low & middle income,LMY,2019,11.09834728
Low & middle income,LMY,2020,11.28625765
Low & middle income,LMY,2021,11.46092638
Low & middle income,LMY,2022,11.68157828
Low & middle income,LMY,2023,11.78196741
Low & middle income,LMY,2024,12.07823964
Lesotho,LSO,2013,0.2
Lesotho,LSO,2014,0.3
Lesotho,LSO,2015,0.3
Lesotho,LSO,2016,0.259058862
Lesotho,LSO,2017,0.3
Lesotho,LSO,2018,0.261388681
Lesotho,LSO,2019,0.3
Lesotho,LSO,2020,0.5
Lesotho,LSO,2021,0.5
Lesotho,LSO,2022,0.5
Lesotho,LSO,2023,21.3
Lesotho,LSO,2024,23.4
Late-demographic dividend,LTE,2013,9.792145372
Late-demographic dividend,LTE,2014,11.83476856
Late-demographic dividend,LTE,2015,11.28896907
Late-demographic dividend,LTE,2017,11.94582978
Late-demographic dividend,LTE,2019,14.78093442
Late-demographic dividend,LTE,2020,15.64382861
Late-demographic dividend,LTE,2021,15.67159108
Late-demographic dividend,LTE,2022,15.86569151
Late-demographic dividend,LTE,2023,15.90003002
Late-demographic dividend,LTE,2024,16.39337258
Lithuania,LTU,2013,16.4
Lithuania,LTU,2014,16.4
Lithuania,LTU,2015,16.9
Lithuania,LTU,2016,17.3391959
Lithuania,LTU,2017,17.7
Lithuania,LTU,2018,17.76420869
Lithuania,LTU,2019,17.8
Lithuania,LTU,2020,17.8
Lithuania,LTU,2021,17.8
Lithuania,LTU,2022,17.8
Lithuania,LTU,2023,17.8
Lithuania,LTU,2024,18.3
Luxembourg,LUX,2013,37.3
Luxembourg,LUX,2014,34.9
Luxembourg,LUX,2015,32.5
Luxembourg,LUX,2016,32.26921747
Luxembourg,LUX,2017,40.9
Luxembourg,LUX,2018,40.87274138
Luxembourg,LUX,2019,51.2
Luxembourg,LUX,2020,51.2
Luxembourg,LUX,2021,51.3
Luxembourg,LUX,2022,55.8
Luxembourg,LUX,2023,55.8
Luxembourg,LUX,2024,38.7
Latvia,LVA,2013,17.8
Latvia,LVA,2014,17.8
Latvia,LVA,2015,17.8
Latvia,LVA,2016,17.50989222
Latvia,LVA,2017,17.5
Latvia,LVA,2018,17.51104767
Latvia,LVA,2019,17.5
Latvia,LVA,2020,17.5
Latvia,LVA,2021,17.5
Latvia,LVA,2022,17.5
Latvia,LVA,2023,17.5
Latvia,LVA,2024,17.9
Saint-Martin,MAF,2013,4.1
Saint-Martin,MAF,2014,3.2
Saint-Martin,MAF,2015,3.2
Saint-Martin,MAF,2016,92.351325
Saint-Martin,MAF,2017,92
Saint-Martin,MAF,2018,91.98700719
Saint-Martin,MAF,2019,92
Saint-Martin,MAF,2020,92
Saint-Martin,MAF,2021,92
Saint-Martin,MAF,2022,92
Saint-Martin,MAF,2023,92
Saint-Martin,MAF,2024,92.3
Morocco,MAR,2013,1.7
Morocco,MAR,2014,59.7
Morocco,MAR,2015,18.5
Morocco,MAR,2016,18.54636606
Morocco,MAR,2017,18.5
Morocco,MAR,2018,18.44688821
Morocco,MAR,2019,18.4
Morocco,MAR,2020,2.8
Morocco,MAR,2021,1.6
Morocco,MAR,2022,1.6
Morocco,MAR,2023,1.6
Morocco,MAR,2024,1.4
Monaco,MCO,2013,0.3
Monaco,MCO,2014,0.3
Monaco,MCO,2015,0.3
Monaco,MCO,2016,99.72008397
Monaco,MCO,2017,99.4
Monaco,MCO,2018,99.4595712
Monaco,MCO,2019,99.4
Monaco,MCO,2020,99.4
Monaco,MCO,2021,99.2
Monaco,MCO,2022,99.2
Monaco,MCO,2023,99.2
Monaco,MCO,2024,99.5
Moldova,MDA,2013,4.2
Moldova,MDA,2014,4.2
Moldova,MDA,2015,4.2
Moldova,MDA,2016,4.151478928
Moldova,MDA,2017,4.2
Moldova,MDA,2018,4.150534549
Moldova,MDA,2019,4.2
Moldova,MDA,2020,4.2
Moldova,MDA,2021,11.4
Moldova,MDA,2022,11.4
Moldova,MDA,2023,11.4
Moldova,MDA,2024,11.5
Madagascar,MDG,2013,1.9
Madagascar,MDG,2014,1.9
Madagascar,MDG,2015,1.9
Madagascar,MDG,2016,1.972848754
Madagascar,MDG,2017,2.4
Madagascar,MDG,2018,2.345947866
Madagascar,MDG,2019,2.3
Madagascar,MDG,2020,3.1
Madagascar,MDG,2021,3.1
Madagascar,MDG,2022,3.1
Madagascar,MDG,2023,3.1
Madagascar,MDG,2024,5.1
Maldives,MDV,2014,0
Maldives,MDV,2015,0
Maldives,MDV,2016,0.049001821
Maldives,MDV,2017,0.1
Maldives,MDV,2018,0.051887378
Maldives,MDV,2019,0.1
Maldives,MDV,2020,0.1
Maldives,MDV,2021,0.1
Maldives,MDV,2022,0.1
Maldives,MDV,2023,0.1
Maldives,MDV,2024,0.1
Middle East & North Africa,MEA,2013,8.41697772
Middle East & North Africa,MEA,2014,11.21664134
Middle East & North Africa,MEA,2015,9.135566865
Middle East & North Africa,MEA,2017,5.569742869
Middle East & North Africa,MEA,2019,5.608872428
Middle East & North Africa,MEA,2020,4.340505554
Middle East & North Africa,MEA,2021,4.310903988
Middle East & North Africa,MEA,2022,4.322439958
Middle East & North Africa,MEA,2023,5.878507355
Middle East & North Africa,MEA,2024,7.372070624
Mexico,MEX,2013,6
Mexico,MEX,2014,6.3
Mexico,MEX,2015,6.3
Mexico,MEX,2016,6.75214757
Mexico,MEX,2017,19.1
Mexico,MEX,2018,19.05623992
Mexico,MEX,2019,18.9
Mexico,MEX,2020,18.9
Mexico,MEX,2021,18.9
Mexico,MEX,2022,19
Mexico,MEX,2023,19
Mexico,MEX,2024,19.9
Marshall Islands,MHL,2013,0
Marshall Islands,MHL,2014,0.4
Marshall Islands,MHL,2015,0.3
Marshall Islands,MHL,2016,0.270441583
Marshall Islands,MHL,2017,0.3
Marshall Islands,MHL,2018,0.27044112
Marshall Islands,MHL,2019,0.3
Marshall Islands,MHL,2020,0.3
Marshall Islands,MHL,2021,0.3
Marshall Islands,MHL,2022,0.3
Marshall Islands,MHL,2023,0.3
Marshall Islands,MHL,2024,0.3
Middle income,MIC,2013,9.495672802
Middle income,MIC,2014,9.988206457
Middle income,MIC,2015,9.677700227
Middle income,MIC,2017,10.44304345
Middle income,MIC,2019,11.38196449
Middle income,MIC,2020,11.51458909
Middle income,MIC,2021,11.71035787
Middle income,MIC,2022,11.96657736
Middle income,MIC,2023,12.08325891
Middle income,MIC,2024,12.39128816
North Macedonia,MKD,2013,9.7
North Macedonia,MKD,2014,9.7
North Macedonia,MKD,2015,9.7
North Macedonia,MKD,2016,9.652911791
North Macedonia,MKD,2017,9.7
North Macedonia,MKD,2018,9.654065158
North Macedonia,MKD,2019,10.6
North Macedonia,MKD,2020,9
North Macedonia,MKD,2021,12.5
North Macedonia,MKD,2022,15.4
North Macedonia,MKD,2023,15.4
North Macedonia,MKD,2024,28.2
Mali,MLI,2013,9.1
Mali,MLI,2014,8.3
Mali,MLI,2015,8.3
Mali,MLI,2016,8.231583419
Mali,MLI,2017,8.2
Mali,MLI,2018,8.231610055
Mali,MLI,2019,8.2
Mali,MLI,2020,7.5
Mali,MLI,2021,7.5
Mali,MLI,2022,7.5
Mali,MLI,2023,7.5
Mali,MLI,2024,7.5
Malta,MLT,2013,0.5
Malta,MLT,2014,0.5
Malta,MLT,2015,0.5
Malta,MLT,2016,6.365390554
Malta,MLT,2017,6.4
Malta,MLT,2018,6.409364293
Malta,MLT,2019,7.6
Malta,MLT,2020,7.6
Malta,MLT,2021,7.6
Malta,MLT,2022,7.6
Malta,MLT,2023,7.6
Malta,MLT,2024,8
Myanmar,MMR,2013,4.1
Myanmar,MMR,2014,4.1
Myanmar,MMR,2015,4.1
Myanmar,MMR,2016,4.089112619
Myanmar,MMR,2017,4.2
Myanmar,MMR,2018,4.619418953
Myanmar,MMR,2019,3.8
Myanmar,MMR,2020,3.9
Myanmar,MMR,2021,3.9
Myanmar,MMR,2022,3.9
Myanmar,MMR,2023,3.9
Myanmar,MMR,2024,4
Middle East & North Africa (excluding high income),MNA,2013,4.574909271
Middle East & North Africa (excluding high income),MNA,2014,8.53015255
Middle East & North Africa (excluding high income),MNA,2015,5.779671338
Middle East & North Africa (excluding high income),MNA,2017,6.050967937
Middle East & North Africa (excluding high income),MNA,2019,6.067334896
Middle East & North Africa (excluding high income),MNA,2020,4.372752544
Middle East & North Africa (excluding high income),MNA,2021,4.292110972
Middle East & North Africa (excluding high income),MNA,2022,4.292110972
Middle East & North Africa (excluding high income),MNA,2023,4.293076606
Middle East & North Africa (excluding high income),MNA,2024,4.291574166
Montenegro,MNE,2013,9.6
Montenegro,MNE,2014,2.6
Montenegro,MNE,2015,2.6
Montenegro,MNE,2016,2.637655584
Montenegro,MNE,2017,4.2
Montenegro,MNE,2018,4.160377366
Montenegro,MNE,2019,6.9
Montenegro,MNE,2020,9
Montenegro,MNE,2021,9
Montenegro,MNE,2022,9.2
Montenegro,MNE,2023,9.2
Montenegro,MNE,2024,16.1
Mongolia,MNG,2013,13.8
Mongolia,MNG,2014,17.4
Mongolia,MNG,2015,17.4
Mongolia,MNG,2016,17.40323331
Mongolia,MNG,2017,17.7
Mongolia,MNG,2018,17.71388257
Mongolia,MNG,2019,17.7
Mongolia,MNG,2020,19.8
Mongolia,MNG,2021,19.8
Mongolia,MNG,2022,19.8
Mongolia,MNG,2023,19.8
Mongolia,MNG,2024,19.8
Northern Mariana Islands,MNP,2013,32.1
Northern Mariana Islands,MNP,2014,100
Northern Mariana Islands,MNP,2015,33.2
Northern Mariana Islands,MNP,2016,33.21147796
Northern Mariana Islands,MNP,2017,33.2
Northern Mariana Islands,MNP,2018,33.23412427
Northern Mariana Islands,MNP,2019,33.2
Northern Mariana Islands,MNP,2020,32
Northern Mariana Islands,MNP,2021,33.1
Northern Mariana Islands,MNP,2022,33.1
Northern Mariana Islands,MNP,2023,32.2
Northern Mariana Islands,MNP,2024,32.4
Mozambique,MOZ,2013,10.5
Mozambique,MOZ,2014,10.9
Mozambique,MOZ,2015,12.1
Mozambique,MOZ,2016,13.44871059
Mozambique,MOZ,2017,13.5
Mozambique,MOZ,2018,13.44871589
Mozambique,MOZ,2019,13.4
Mozambique,MOZ,2020,18
Mozambique,MOZ,2021,18
Mozambique,MOZ,2022,18
Mozambique,MOZ,2023,18
Mozambique,MOZ,2024,18
Mauritania,MRT,2013,1.1
Mauritania,MRT,2014,1.1
Mauritania,MRT,2015,1.1
Mauritania,MRT,2016,1.080748081
Mauritania,MRT,2017,1.1
Mauritania,MRT,2018,1.080703015
Mauritania,MRT,2019,1.1
Mauritania,MRT,2020,1.1
Mauritania,MRT,2021,1.1
Mauritania,MRT,2022,1.1
Mauritania,MRT,2023,1.1
Mauritania,MRT,2024,1
Mauritius,MUS,2013,0
Mauritius,MUS,2014,0
Mauritius,MUS,2015,0
Mauritius,MUS,2016,0.011543284
Mauritius,MUS,2017,0
Mauritius,MUS,2018,0.01147342
Mauritius,MUS,2019,0
Mauritius,MUS,2020,0
Mauritius,MUS,2021,0
Mauritius,MUS,2022,0
Mauritius,MUS,2023,0
Mauritius,MUS,2024,0
Malawi,MWI,2013,16.9
Malawi,MWI,2014,16.9
Malawi,MWI,2015,16.9
Malawi,MWI,2016,16.89386731
Malawi,MWI,2017,17.4
Malawi,MWI,2018,22.87604771
Malawi,MWI,2019,22.9
Malawi,MWI,2020,22.9
Malawi,MWI,2021,22.9
Malawi,MWI,2022,22.9
Malawi,MWI,2023,22.9
Malawi,MWI,2024,23.1
Malaysia,MYS,2013,8.9
Malaysia,MYS,2014,8.9
Malaysia,MYS,2015,8.9
Malaysia,MYS,2016,8.913485757
Malaysia,MYS,2017,8.9
Malaysia,MYS,2018,8.985544742
Malaysia,MYS,2019,9
Malaysia,MYS,2020,7.5
Malaysia,MYS,2021,8.8
Malaysia,MYS,2022,8.8
Malaysia,MYS,2023,8.8
Malaysia,MYS,2024,8.4
North America,NAC,2013,10.02494845
North America,NAC,2014,9.231575189
North America,NAC,2015,13.47000368
North America,NAC,2017,17.04531588
North America,NAC,2019,17.61923528
North America,NAC,2020,16.99085785
North America,NAC,2021,13.35476645
North America,NAC,2022,13.62948922
North America,NAC,2023,13.67527634
North America,NAC,2024,13.66817192
Namibia,NAM,2013,26.9
Namibia,NAM,2014,23.2
Namibia,NAM,2015,23.2
Namibia,NAM,2016,23.24713187
Namibia,NAM,2017,23.3
Namibia,NAM,2018,23.24717006
Namibia,NAM,2019,23.2
Namibia,NAM,2020,23.2
Namibia,NAM,2021,23.2
Namibia,NAM,2022,23.2
Namibia,NAM,2023,24.5
Namibia,NAM,2024,24.4
New Caledonia,NCL,2013,2.4
New Caledonia,NCL,2014,95.6
New Caledonia,NCL,2015,95.6
New Caledonia,NCL,2016,95.7641579
New Caledonia,NCL,2017,95.7
New Caledonia,NCL,2018,96.01276245
New Caledonia,NCL,2019,95.8
New Caledonia,NCL,2020,95.8
New Caledonia,NCL,2021,95.8
New Caledonia,NCL,2022,95.8
New Caledonia,NCL,2023,95.8
New Caledonia,NCL,2024,99.4
Niger,NER,2013,16.7
Niger,NER,2014,17.3
Niger,NER,2015,17.3
Niger,NER,2016,17.31713513
Niger,NER,2017,17.3
Niger,NER,2018,17.31709252
Niger,NER,2019,17.3
Niger,NER,2020,18.2
Niger,NER,2021,18.2
Niger,NER,2022,18.2
Niger,NER,2023,18.2
Niger,NER,2024,18.2
Nigeria,NGA,2013,11.6
Nigeria,NGA,2014,11.6
Nigeria,NGA,2015,11.6
Nigeria,NGA,2016,11.61073496
Nigeria,NGA,2017,11.6
Nigeria,NGA,2018,11.61069961
Nigeria,NGA,2019,11.6
Nigeria,NGA,2020,11.6
Nigeria,NGA,2021,11.6
Nigeria,NGA,2022,11.6
Nigeria,NGA,2023,11.6
Nigeria,NGA,2024,11.6
Nicaragua,NIC,2013,15.5
Nicaragua,NIC,2014,15.5
Nicaragua,NIC,2015,15.5
Nicaragua,NIC,2016,15.47977885
Nicaragua,NIC,2017,15.5
Nicaragua,NIC,2018,15.50710424
Nicaragua,NIC,2019,15.5
Nicaragua,NIC,2020,10
Nicaragua,NIC,2021,10
Nicaragua,NIC,2022,10
Nicaragua,NIC,2023,10
Nicaragua,NIC,2024,10.1
Netherlands,NLD,2013,20.2
Netherlands,NLD,2014,18
Netherlands,NLD,2015,17.9
Netherlands,NLD,2016,17.89245815
Netherlands,NLD,2017,21.2
Netherlands,NLD,2018,21.2099165
Netherlands,NLD,2019,25.3
Netherlands,NLD,2020,25.3
Netherlands,NLD,2021,25.3
Netherlands,NLD,2022,25.3
Netherlands,NLD,2023,25.3
Netherlands,NLD,2024,29.8
Norway,NOR,2013,4.7
Norway,NOR,2014,4.8
Norway,NOR,2015,4.8
Norway,NOR,2016,4.96242626
Norway,NOR,2017,5.1
Norway,NOR,2018,5.060779988
Norway,NOR,2019,5
Norway,NOR,2020,5.7
Norway,NOR,2021,15.1
Norway,NOR,2022,15.2
Norway,NOR,2023,5.6
Norway,NOR,2024,5.4
Nepal,NPL,2013,17.2
Nepal,NPL,2014,23.5
Nepal,NPL,2015,23.4
Nepal,NPL,2016,23.62610394
Nepal,NPL,2017,23.6
Nepal,NPL,2018,23.62604198
Nepal,NPL,2019,23.6
Nepal,NPL,2020,23.6
Nepal,NPL,2021,23.6
Nepal,NPL,2022,23.6
Nepal,NPL,2023,23.6
Nepal,NPL,2024,23.6
Nauru,NRU,2021,0
Nauru,NRU,2022,0
Nauru,NRU,2023,0
Nauru,NRU,2024,0
New Zealand,NZL,2013,27.9
New Zealand,NZL,2014,30.5
New Zealand,NZL,2015,30.5
New Zealand,NZL,2016,30.47868878
New Zealand,NZL,2017,30.5
New Zealand,NZL,2018,30.50506322
New Zealand,NZL,2019,30.6
New Zealand,NZL,2020,30.6
New Zealand,NZL,2021,30.6
New Zealand,NZL,2022,30.6
New Zealand,NZL,2023,30.6
New Zealand,NZL,2024,30.6
OECD members,OED,2013,13.78054326
OECD members,OED,2014,13.81966291
OECD members,OED,2015,15.34761907
OECD members,OED,2017,19.16895081
OECD members,OED,2019,20.9318587
OECD members,OED,2020,20.97113878
OECD members,OED,2021,20.27672674
OECD members,OED,2022,20.58846605
OECD members,OED,2023,20.4630102
OECD members,OED,2024,21.02200315
Oman,OMN,2013,4
Oman,OMN,2014,1
Oman,OMN,2015,1
Oman,OMN,2016,1.018304162
Oman,OMN,2017,1
Oman,OMN,2018,1.01831172
Oman,OMN,2019,1
Oman,OMN,2020,1
Oman,OMN,2021,1.5
Oman,OMN,2022,1.5
Oman,OMN,2023,1.7
Oman,OMN,2024,18.3
Other small states,OSS,2013,1.216202232
Other small states,OSS,2014,1.095657704
Other small states,OSS,2015,1.092291327
Other small states,OSS,2017,1.210477457
Other small states,OSS,2019,4.81446883
Other small states,OSS,2020,8.861572525
Other small states,OSS,2021,8.862945275
Other small states,OSS,2022,8.90427744
Other small states,OSS,2023,8.90427744
Other small states,OSS,2024,8.920941678
Pakistan,PAK,2013,9.8
Pakistan,PAK,2014,9.8
Pakistan,PAK,2015,9.8
Pakistan,PAK,2016,9.794907882
Pakistan,PAK,2017,9.8
Pakistan,PAK,2018,9.79495422
Pakistan,PAK,2019,9.8
Pakistan,PAK,2020,9.8
Pakistan,PAK,2021,9.8
Pakistan,PAK,2022,9.8
Pakistan,PAK,2023,9.8
Pakistan,PAK,2024,15.3
Panama,PAN,2013,5.2
Panama,PAN,2014,5.2
Panama,PAN,2015,5.2
Panama,PAN,2016,5.234950436
Panama,PAN,2017,5.2
Panama,PAN,2018,5.234981018
Panama,PAN,2019,5.2
Panama,PAN,2020,15.3
Panama,PAN,2021,27.7
Panama,PAN,2022,27.7
Panama,PAN,2023,27.7
Panama,PAN,2024,27.2
Peru,PER,2013,19.2
Peru,PER,2014,19.4
Peru,PER,2015,19.4
Peru,PER,2016,13.11373391
Peru,PER,2017,13.1
Peru,PER,2018,13.14116613
Peru,PER,2019,13.3
Peru,PER,2020,13.3
Peru,PER,2021,13.7
Peru,PER,2022,16.8
Peru,PER,2023,16.8
Peru,PER,2024,16.8
Philippines,PHL,2013,2.4
Philippines,PHL,2014,3.1
Philippines,PHL,2015,3.1
Philippines,PHL,2016,3.141386382
Philippines,PHL,2017,3.1
Philippines,PHL,2018,3.141408394
Philippines,PHL,2019,3.1
Philippines,PHL,2020,3.1
Philippines,PHL,2021,3.7
Philippines,PHL,2022,3.7
Philippines,PHL,2023,3.7
Philippines,PHL,2024,3.6
Palau,PLW,2013,0.2
Palau,PLW,2014,0.3
Palau,PLW,2015,0.3
Palau,PLW,2016,82.93995139
Palau,PLW,2017,82.9
Palau,PLW,2018,82.94235661
Palau,PLW,2019,100
Palau,PLW,2020,100
Palau,PLW,2021,100
Palau,PLW,2022,100
Palau,PLW,2023,100
Palau,PLW,2024,98
Papua New Guinea,PNG,2013,0.7
Papua New Guinea,PNG,2014,0.7
Papua New Guinea,PNG,2015,0.7
Papua New Guinea,PNG,2016,0.657996415
Papua New Guinea,PNG,2017,0.7
Papua New Guinea,PNG,2018,0.657989653
Papua New Guinea,PNG,2019,0.7
Papua New Guinea,PNG,2020,0.7
Papua New Guinea,PNG,2021,0.7
Papua New Guinea,PNG,2022,0.7
Papua New Guinea,PNG,2023,0.7
Papua New Guinea,PNG,2024,0.7
Poland,POL,2013,34.2
Poland,POL,2014,29.3
Poland,POL,2015,29.3
Poland,POL,2016,38.03714844
Poland,POL,2017,38.1
Poland,POL,2018,38.063538
Poland,POL,2019,38.1
Poland,POL,2020,38
Poland,POL,2021,38
Poland,POL,2022,38
Poland,POL,2023,38
Poland,POL,2024,38.2
Pre-demographic dividend,PRE,2013,11.65348492
Pre-demographic dividend,PRE,2014,11.1677298
Pre-demographic dividend,PRE,2015,11.2334238
Pre-demographic dividend,PRE,2017,11.94695273
Pre-demographic dividend,PRE,2019,11.43503461
Pre-demographic dividend,PRE,2020,11.83450564
Pre-demographic dividend,PRE,2021,11.8580398
Pre-demographic dividend,PRE,2022,11.86287697
Pre-demographic dividend,PRE,2023,12.09835489
Pre-demographic dividend,PRE,2024,12.28824247
Puerto Rico,PRI,2013,0.5
Puerto Rico,PRI,2014,2
Puerto Rico,PRI,2015,2
Puerto Rico,PRI,2016,2.02425215
Puerto Rico,PRI,2017,2
Puerto Rico,PRI,2018,2.016771518
Puerto Rico,PRI,2019,2
Puerto Rico,PRI,2020,2.1
Puerto Rico,PRI,2021,2.1
Puerto Rico,PRI,2022,2.1
Puerto Rico,PRI,2023,2.1
Puerto Rico,PRI,2024,2.1
North korea,PRK,2013,1.3
North korea,PRK,2014,1.3
North korea,PRK,2015,1.3
North korea,PRK,2016,1.260532077
North korea,PRK,2017,1.2
North korea,PRK,2018,1.260223444
North korea,PRK,2019,1.3
North korea,PRK,2020,1.3
North korea,PRK,2021,1.3
North korea,PRK,2022,1.3
North korea,PRK,2023,1.3
North korea,PRK,2024,1.3
Portugal,PRT,2013,7.4
Portugal,PRT,2014,7.4
Portugal,PRT,2015,7.5
Portugal,PRT,2016,9.0975745
Portugal,PRT,2017,16.5
Portugal,PRT,2018,16.8854244
Portugal,PRT,2019,16.9
Portugal,PRT,2020,17.1
Portugal,PRT,2021,17.1
Portugal,PRT,2022,17.2
Portugal,PRT,2023,17.2
Portugal,PRT,2024,17.1
Paraguay,PRY,2013,6.5
Paraguay,PRY,2014,6.5
Paraguay,PRY,2015,6.5
Paraguay,PRY,2016,6.510362183
Paraguay,PRY,2017,6.5
Paraguay,PRY,2018,14.31473608
Paraguay,PRY,2019,14.3
Paraguay,PRY,2020,14.3
Paraguay,PRY,2021,14.3
Paraguay,PRY,2022,14.3
Paraguay,PRY,2023,14.3
Paraguay,PRY,2024,14.9
Pacific island small states,PSS,2013,3.074665804
Pacific island small states,PSS,2014,3.135392353
Pacific island small states,PSS,2015,3.121281673
Pacific island small states,PSS,2017,6.659724179
Pacific island small states,PSS,2019,7.314821436
Pacific island small states,PSS,2020,7.315772998
Pacific island small states,PSS,2021,7.15927264
Pacific island small states,PSS,2022,7.170561128
Pacific island small states,PSS,2023,7.170561128
Pacific island small states,PSS,2024,7.110549728
Post-demographic dividend,PST,2013,14.81741436
Post-demographic dividend,PST,2014,14.91703135
Post-demographic dividend,PST,2015,16.96450035
Post-demographic dividend,PST,2017,19.97096173
Post-demographic dividend,PST,2019,20.4938245
Post-demographic dividend,PST,2020,20.49702409
Post-demographic dividend,PST,2021,19.68954945
Post-demographic dividend,PST,2022,19.83793394
Post-demographic dividend,PST,2023,19.68907354
Post-demographic dividend,PST,2024,20.08266252
French Polynesia,PYF,2013,0
French Polynesia,PYF,2014,0
French Polynesia,PYF,2015,0
French Polynesia,PYF,2016,0.005855084
French Polynesia,PYF,2017,0
French Polynesia,PYF,2018,0.005850397
French Polynesia,PYF,2019,0
French Polynesia,PYF,2020,0
French Polynesia,PYF,2021,0
French Polynesia,PYF,2022,0
French Polynesia,PYF,2023,0
French Polynesia,PYF,2024,0
Qatar,QAT,2013,0.8
Qatar,QAT,2014,0.8
Qatar,QAT,2015,0.8
Qatar,QAT,2016,0.778383955
Qatar,QAT,2017,4.7
Qatar,QAT,2018,4.72319542
Qatar,QAT,2019,4.7
Qatar,QAT,2020,5.8
Qatar,QAT,2021,5.8
Qatar,QAT,2022,5.8
Qatar,QAT,2023,5.8
Qatar,QAT,2024,5.8
Romania,ROU,2013,18.1
Romania,ROU,2014,22.5
Romania,ROU,2015,22.6
Romania,ROU,2016,22.57996783
Romania,ROU,2017,24.3
Romania,ROU,2018,24.30993665
Romania,ROU,2019,24.4
Romania,ROU,2020,24.4
Romania,ROU,2021,24.4
Romania,ROU,2022,24.4
Romania,ROU,2023,24.4
Romania,ROU,2024,24.3
Russia,RUS,2013,8.8
Russia,RUS,2014,7.6
Russia,RUS,2015,7.6
Russia,RUS,2016,7.611176526
Russia,RUS,2017,7.6
Russia,RUS,2018,7.616249085
Russia,RUS,2019,7.6
Russia,RUS,2020,8.6
Russia,RUS,2021,8.6
Russia,RUS,2022,8.6
Russia,RUS,2023,8.6
Russia,RUS,2024,8.6
Rwanda,RWA,2013,10.7
Rwanda,RWA,2014,9.6
Rwanda,RWA,2015,8.8
Rwanda,RWA,2016,9.115161421
Rwanda,RWA,2017,9.1
Rwanda,RWA,2018,9.114089073
Rwanda,RWA,2019,9.1
Rwanda,RWA,2020,9.1
Rwanda,RWA,2021,9.1
Rwanda,RWA,2022,9.1
Rwanda,RWA,2023,9.1
Rwanda,RWA,2024,9.1
South Asia,SAS,2013,4.288077577
South Asia,SAS,2014,4.137752785
South Asia,SAS,2015,4.189729757
South Asia,SAS,2017,4.18179752
South Asia,SAS,2019,4.18179752
South Asia,SAS,2020,4.44045745
South Asia,SAS,2021,4.978990952
South Asia,SAS,2022,4.978990952
South Asia,SAS,2023,5.004066918
South Asia,SAS,2024,5.691389354
Saudi Arabia,SAU,2013,28.3
Saudi Arabia,SAU,2014,28.3
Saudi Arabia,SAU,2015,28.3
Saudi Arabia,SAU,2016,4.040946038
Saudi Arabia,SAU,2017,4.6
Saudi Arabia,SAU,2018,4.528372363
Saudi Arabia,SAU,2019,4.5
Saudi Arabia,SAU,2020,4.5
Saudi Arabia,SAU,2021,4.5
Saudi Arabia,SAU,2022,4.5
Saudi Arabia,SAU,2023,14.2
Saudi Arabia,SAU,2024,17
Sudan,SDN,2013,2.6
Sudan,SDN,2014,1.9
Sudan,SDN,2015,1.9
Sudan,SDN,2016,2.753300839
Sudan,SDN,2017,2.8
Sudan,SDN,2018,2.753273898
Sudan,SDN,2019,2.8
Sudan,SDN,2020,2.8
Sudan,SDN,2021,2.8
Sudan,SDN,2022,2.8
Sudan,SDN,2023,2.8
Sudan,SDN,2024,2.8
Senegal,SEN,2013,14.5
Senegal,SEN,2014,14.5
Senegal,SEN,2015,14.5
Senegal,SEN,2016,14.48995146
Senegal,SEN,2017,14.5
Senegal,SEN,2018,14.57707227
Senegal,SEN,2019,14.6
Senegal,SEN,2020,14.6
Senegal,SEN,2021,15.5
Senegal,SEN,2022,15.5
Senegal,SEN,2023,15.5
Senegal,SEN,2024,15.6
Singapore,SGP,2013,3
Singapore,SGP,2014,3.2
Singapore,SGP,2015,2.5
Singapore,SGP,2016,2.486652527
Singapore,SGP,2017,2.5
Singapore,SGP,2018,2.463062829
Singapore,SGP,2019,2.5
Singapore,SGP,2020,2.5
Singapore,SGP,2021,2.5
Singapore,SGP,2022,2.5
Singapore,SGP,2023,2.5
Singapore,SGP,2024,2.1
Solomon Islands,SLB,2013,0.2
Solomon Islands,SLB,2014,0.2
Solomon Islands,SLB,2015,0.2
Solomon Islands,SLB,2016,0.155282525
Solomon Islands,SLB,2017,0.2
Solomon Islands,SLB,2018,0.155319976
Solomon Islands,SLB,2019,0.1
Solomon Islands,SLB,2020,0.1
Solomon Islands,SLB,2021,0.1
Solomon Islands,SLB,2022,0.2
Solomon Islands,SLB,2023,0.2
Solomon Islands,SLB,2024,0.2
Sierra Leone,SLE,2013,3.3
Sierra Leone,SLE,2014,3.3
Sierra Leone,SLE,2015,3.3
Sierra Leone,SLE,2016,3.297283944
Sierra Leone,SLE,2017,3.3
Sierra Leone,SLE,2018,3.296949796
Sierra Leone,SLE,2019,3.3
Sierra Leone,SLE,2020,3.3
Sierra Leone,SLE,2021,5.1
Sierra Leone,SLE,2022,5.1
Sierra Leone,SLE,2023,5.1
Sierra Leone,SLE,2024,5.1
El Salvador,SLV,2013,2.1
El Salvador,SLV,2014,2.1
El Salvador,SLV,2015,2.2
El Salvador,SLV,2016,2.152227176
El Salvador,SLV,2017,2.2
El Salvador,SLV,2018,2.151679258
El Salvador,SLV,2019,2.2
El Salvador,SLV,2020,2.1
El Salvador,SLV,2021,2.1
El Salvador,SLV,2022,2.1
El Salvador,SLV,2023,2.1
El Salvador,SLV,2024,2.1
Somalia,SOM,2016,0.827283619
Somalia,SOM,2019,0
Somalia,SOM,2020,0
Somalia,SOM,2021,0
Somalia,SOM,2022,0
Somalia,SOM,2023,0
Somalia,SOM,2024,0
Serbia,SRB,2013,7.4
Serbia,SRB,2014,6.7
Serbia,SRB,2015,6.7
Serbia,SRB,2016,6.149650149
Serbia,SRB,2017,6.6
Serbia,SRB,2018,6.61310734
Serbia,SRB,2019,7.6
Serbia,SRB,2020,7.6
Serbia,SRB,2021,7.6
Serbia,SRB,2022,8.1
Serbia,SRB,2023,8.1
Serbia,SRB,2024,13.4
Sub-Saharan Africa (excluding high income),SSA,2013,12.41287796
Sub-Saharan Africa (excluding high income),SSA,2014,11.93772092
Sub-Saharan Africa (excluding high income),SSA,2015,12.07911399
Sub-Saharan Africa (excluding high income),SSA,2017,12.90835442
Sub-Saharan Africa (excluding high income),SSA,2019,12.34948526
Sub-Saharan Africa (excluding high income),SSA,2020,12.58450414
Sub-Saharan Africa (excluding high income),SSA,2021,12.64001466
Sub-Saharan Africa (excluding high income),SSA,2022,12.65973589
Sub-Saharan Africa (excluding high income),SSA,2023,12.92155163
Sub-Saharan Africa (excluding high income),SSA,2024,13.06876508
South Sudan,SSD,2013,20
South Sudan,SSD,2014,15.5
South Sudan,SSD,2015,15.5
South Sudan,SSD,2016,15.50158188
South Sudan,SSD,2017,15.5
South Sudan,SSD,2018,15.50150125
South Sudan,SSD,2019,15.5
South Sudan,SSD,2020,15.5
South Sudan,SSD,2021,15.5
South Sudan,SSD,2022,15.5
South Sudan,SSD,2023,15.5
South Sudan,SSD,2024,15.4
Sub-Saharan Africa,SSF,2013,11.92867804
Sub-Saharan Africa,SSF,2014,11.47595665
Sub-Saharan Africa,SSF,2015,11.61183427
Sub-Saharan Africa,SSF,2017,12.4087278
Sub-Saharan Africa,SSF,2019,12.47498979
Sub-Saharan Africa,SSF,2020,13.34174191
Sub-Saharan Africa,SSF,2021,13.3951731
Sub-Saharan Africa,SSF,2022,13.4141556
Sub-Saharan Africa,SSF,2023,13.66616417
Sub-Saharan Africa,SSF,2024,13.80037161
Small states,SST,2013,2.645612067
Small states,SST,2014,2.598845082
Small states,SST,2015,2.608713474
Small states,SST,2017,5.147134196
Small states,SST,2019,6.554399788
Small states,SST,2020,7.658940418
Small states,SST,2021,7.552074219
Small states,SST,2022,7.570560341
Small states,SST,2023,7.570560341
Small states,SST,2024,7.545226411
Sao Tome and Principe,STP,2013,0
Sao Tome and Principe,STP,2014,0
Sao Tome and Principe,STP,2015,0.2
Sao Tome and Principe,STP,2016,0.244162519
Sao Tome and Principe,STP,2017,0.2
Sao Tome and Principe,STP,2018,0.244688365
Sao Tome and Principe,STP,2019,0.2
Sao Tome and Principe,STP,2020,0.2
Sao Tome and Principe,STP,2021,0.2
Sao Tome and Principe,STP,2022,0.2
Sao Tome and Principe,STP,2023,0.2
Sao Tome and Principe,STP,2024,0.2
Suriname,SUR,2013,8.5
Suriname,SUR,2014,8.5
Suriname,SUR,2015,8.5
Suriname,SUR,2016,8.483212973
Suriname,SUR,2017,8.5
Suriname,SUR,2018,8.483073684
Suriname,SUR,2019,8.5
Suriname,SUR,2020,8.5
Suriname,SUR,2021,8.5
Suriname,SUR,2022,8.5
Suriname,SUR,2023,8.5
Suriname,SUR,2024,8.6
Slovakia,SVK,2013,35.9
Slovakia,SVK,2014,36.8
Slovakia,SVK,2015,36.8
Slovakia,SVK,2016,37.28351573
Slovakia,SVK,2017,37.3
Slovakia,SVK,2018,37.63041334
Slovakia,SVK,2019,37.6
Slovakia,SVK,2020,37.6
Slovakia,SVK,2021,37.6
Slovakia,SVK,2022,37.6
Slovakia,SVK,2023,37.6
Slovakia,SVK,2024,37.5
Slovenia,SVN,2013,55.3
Slovenia,SVN,2014,54.1
Slovenia,SVN,2015,54.1
Slovenia,SVN,2016,55.09202334
Slovenia,SVN,2017,54
Slovenia,SVN,2018,55.07325819
Slovenia,SVN,2019,54
Slovenia,SVN,2020,40
Slovenia,SVN,2021,40.1
Slovenia,SVN,2022,40.1
Slovenia,SVN,2023,40.1
Slovenia,SVN,2024,40.2
Sweden,SWE,2013,12.6
Sweden,SWE,2014,13
Sweden,SWE,2015,13.1
Sweden,SWE,2016,12.86528285
Sweden,SWE,2017,15
Sweden,SWE,2018,14.96694693
Sweden,SWE,2019,14.6
Sweden,SWE,2020,14.7
Sweden,SWE,2021,14.8
Sweden,SWE,2022,15.5
Sweden,SWE,2023,15.5
Sweden,SWE,2024,15.6
Eswatini,SWZ,2013,3
Eswatini,SWZ,2014,4
Eswatini,SWZ,2015,4
Eswatini,SWZ,2016,4.09554739
Eswatini,SWZ,2017,4.1
Eswatini,SWZ,2018,4.233008206
Eswatini,SWZ,2019,4.3
Eswatini,SWZ,2020,4.3
Eswatini,SWZ,2021,4.3
Eswatini,SWZ,2022,4.3
Eswatini,SWZ,2023,4.3
Eswatini,SWZ,2024,4.2
Sint Maarten,SXM,2016,5.056179775
Sint Maarten,SXM,2017,8.1
Sint Maarten,SXM,2018,8.098450743
Sint Maarten,SXM,2019,8.1
Sint Maarten,SXM,2020,8.1
Sint Maarten,SXM,2021,8.2
Sint Maarten,SXM,2022,8.2
Sint Maarten,SXM,2023,8.2
Sint Maarten,SXM,2024,4.8
Seychelles,SYC,2013,0
Seychelles,SYC,2014,0.1
Seychelles,SYC,2015,0.1
Seychelles,SYC,2016,0.051367065
Seychelles,SYC,2017,0.1
Seychelles,SYC,2018,0.051368668
Seychelles,SYC,2019,15.7
Seychelles,SYC,2020,32.8
Seychelles,SYC,2021,32.8
Seychelles,SYC,2022,32.8
Seychelles,SYC,2023,32.8
Seychelles,SYC,2024,32.6
Syria,SYR,2013,0.7
Syria,SYR,2014,0.7
Syria,SYR,2015,0.7
Syria,SYR,2016,0.662923846
Syria,SYR,2017,0.7
Syria,SYR,2018,0.662806451
Syria,SYR,2019,0.7
Syria,SYR,2020,0.7
Syria,SYR,2021,0.7
Syria,SYR,2022,0.7
Syria,SYR,2023,0.7
Syria,SYR,2024,0.7
Turks and Caicos Islands,TCA,2013,0.4
Turks and Caicos Islands,TCA,2014,0.4
Turks and Caicos Islands,TCA,2015,0.4
Turks and Caicos Islands,TCA,2016,0.387735701
Turks and Caicos Islands,TCA,2017,0.4
Turks and Caicos Islands,TCA,2018,0.387451664
Turks and Caicos Islands,TCA,2019,0.4
Turks and Caicos Islands,TCA,2020,0.4
Turks and Caicos Islands,TCA,2021,0.4
Turks and Caicos Islands,TCA,2022,0.4
Turks and Caicos Islands,TCA,2023,0.4
Turks and Caicos Islands,TCA,2024,0.5
Chad,TCD,2013,18.6
Chad,TCD,2014,18.6
Chad,TCD,2015,18.6
Chad,TCD,2016,20.35444537
Chad,TCD,2017,20.4
Chad,TCD,2018,20.3544358
Chad,TCD,2019,20.4
Chad,TCD,2020,21
Chad,TCD,2021,21
Chad,TCD,2022,21
Chad,TCD,2023,21
Chad,TCD,2024,21
East Asia & Pacific (IDA & IBRD countries),TEA,2013,7.312919537
East Asia & Pacific (IDA & IBRD countries),TEA,2014,7.338260303
East Asia & Pacific (IDA & IBRD countries),TEA,2015,7.340406455
East Asia & Pacific (IDA & IBRD countries),TEA,2017,8.543833351
East Asia & Pacific (IDA & IBRD countries),TEA,2019,8.479345362
East Asia & Pacific (IDA & IBRD countries),TEA,2020,8.617154057
East Asia & Pacific (IDA & IBRD countries),TEA,2021,8.608468862
East Asia & Pacific (IDA & IBRD countries),TEA,2022,8.612238343
East Asia & Pacific (IDA & IBRD countries),TEA,2023,8.615730812
East Asia & Pacific (IDA & IBRD countries),TEA,2024,8.56651705
Europe & Central Asia (IDA & IBRD countries),TEC,2013,8.277514307
Europe & Central Asia (IDA & IBRD countries),TEC,2014,7.313870459
Europe & Central Asia (IDA & IBRD countries),TEC,2015,7.323036708
Europe & Central Asia (IDA & IBRD countries),TEC,2017,7.430352123
Europe & Central Asia (IDA & IBRD countries),TEC,2019,7.461189247
Europe & Central Asia (IDA & IBRD countries),TEC,2020,9.021873358
Europe & Central Asia (IDA & IBRD countries),TEC,2021,9.423992056
Europe & Central Asia (IDA & IBRD countries),TEC,2022,9.432086285
Europe & Central Asia (IDA & IBRD countries),TEC,2023,9.483953942
Europe & Central Asia (IDA & IBRD countries),TEC,2024,9.745852354
Togo,TGO,2013,21.9
Togo,TGO,2014,21.8
Togo,TGO,2015,21.8
Togo,TGO,2016,21.79133305
Togo,TGO,2017,21.8
Togo,TGO,2018,21.79109259
Togo,TGO,2019,21.8
Togo,TGO,2020,22.1
Togo,TGO,2021,22.1
Togo,TGO,2022,22.1
Togo,TGO,2023,22.1
Togo,TGO,2024,22.3
Thailand,THA,2013,12.5
Thailand,THA,2014,12.5
Thailand,THA,2015,12.5
Thailand,THA,2016,12.50974472
Thailand,THA,2017,12.5
Thailand,THA,2018,12.50975812
Thailand,THA,2019,12.5
Thailand,THA,2020,13.3
Thailand,THA,2021,13.3
Thailand,THA,2022,13.3
Thailand,THA,2023,13.4
Thailand,THA,2024,13.4
Tajikistan,TJK,2013,19.7
Tajikistan,TJK,2014,22.3
Tajikistan,TJK,2015,22.3
Tajikistan,TJK,2016,22.27858851
Tajikistan,TJK,2017,22.3
Tajikistan,TJK,2018,22.27866109
Tajikistan,TJK,2019,22.3
Tajikistan,TJK,2020,22.3
Tajikistan,TJK,2021,22.3
Tajikistan,TJK,2022,22.3
Tajikistan,TJK,2023,22.3
Tajikistan,TJK,2024,22.6
Turkmenistan,TKM,2013,3.2
Turkmenistan,TKM,2014,3.2
Turkmenistan,TKM,2015,3.2
Turkmenistan,TKM,2016,3.212231059
Turkmenistan,TKM,2017,3.2
Turkmenistan,TKM,2018,3.212238456
Turkmenistan,TKM,2019,3.2
Turkmenistan,TKM,2020,3.2
Turkmenistan,TKM,2021,3.2
Turkmenistan,TKM,2022,3.2
Turkmenistan,TKM,2023,3.2
Turkmenistan,TKM,2024,4.3
Latin America & the Caribbean (IDA & IBRD countries),TLA,2013,13.33366882
Latin America & the Caribbean (IDA & IBRD countries),TLA,2014,14.25482699
Latin America & the Caribbean (IDA & IBRD countries),TLA,2015,13.95829037
Latin America & the Caribbean (IDA & IBRD countries),TLA,2017,16.46391737
Latin America & the Caribbean (IDA & IBRD countries),TLA,2019,22.39606737
Latin America & the Caribbean (IDA & IBRD countries),TLA,2020,22.62301658
Latin America & the Caribbean (IDA & IBRD countries),TLA,2021,22.81775784
Latin America & the Caribbean (IDA & IBRD countries),TLA,2022,23.57719326
Latin America & the Caribbean (IDA & IBRD countries),TLA,2023,23.64099422
Latin America & the Caribbean (IDA & IBRD countries),TLA,2024,24.19899155
Timor-Leste,TLS,2013,3.3
Timor-Leste,TLS,2014,3.3
Timor-Leste,TLS,2015,3.3
Timor-Leste,TLS,2016,4.422008841
Timor-Leste,TLS,2017,4.4
Timor-Leste,TLS,2018,4.42304454
Timor-Leste,TLS,2019,5.2
Timor-Leste,TLS,2020,5.2
Timor-Leste,TLS,2021,5.2
Timor-Leste,TLS,2022,5.2
Timor-Leste,TLS,2023,5.2
Timor-Leste,TLS,2024,4.7
Middle East & North Africa (IDA & IBRD countries),TMN,2013,4.574909271
Middle East & North Africa (IDA & IBRD countries),TMN,2014,8.53015255
Middle East & North Africa (IDA & IBRD countries),TMN,2015,5.779671338
Middle East & North Africa (IDA & IBRD countries),TMN,2017,6.04954939
Middle East & North Africa (IDA & IBRD countries),TMN,2019,6.065926233
Middle East & North Africa (IDA & IBRD countries),TMN,2020,4.370320547
Middle East & North Africa (IDA & IBRD countries),TMN,2021,4.289630276
Middle East & North Africa (IDA & IBRD countries),TMN,2022,4.289630276
Middle East & North Africa (IDA & IBRD countries),TMN,2023,4.289630276
Middle East & North Africa (IDA & IBRD countries),TMN,2024,4.288126929
Tonga,TON,2013,1.5
Tonga,TON,2014,1.5
Tonga,TON,2015,1.5
Tonga,TON,2016,1.521632616
Tonga,TON,2017,1.5
Tonga,TON,2018,1.521651403
Tonga,TON,2019,0.1
Tonga,TON,2020,0.1
Tonga,TON,2021,0.1
Tonga,TON,2022,0.1
Tonga,TON,2023,0.1
Tonga,TON,2024,0.1
South Asia (IDA & IBRD),TSA,2013,4.288077577
South Asia (IDA & IBRD),TSA,2014,4.137752785
South Asia (IDA & IBRD),TSA,2015,4.189729757
South Asia (IDA & IBRD),TSA,2017,4.18179752
South Asia (IDA & IBRD),TSA,2019,4.18179752
South Asia (IDA & IBRD),TSA,2020,4.44045745
South Asia (IDA & IBRD),TSA,2021,4.978990952
South Asia (IDA & IBRD),TSA,2022,4.978990952
South Asia (IDA & IBRD),TSA,2023,5.004066918
South Asia (IDA & IBRD),TSA,2024,5.691389354
Sub-Saharan Africa (IDA & IBRD countries),TSS,2013,11.92867804
Sub-Saharan Africa (IDA & IBRD countries),TSS,2014,11.47595665
Sub-Saharan Africa (IDA & IBRD countries),TSS,2015,11.61183427
Sub-Saharan Africa (IDA & IBRD countries),TSS,2017,12.4087278
Sub-Saharan Africa (IDA & IBRD countries),TSS,2019,12.47498979
Sub-Saharan Africa (IDA & IBRD countries),TSS,2020,13.34174191
Sub-Saharan Africa (IDA & IBRD countries),TSS,2021,13.3951731
Sub-Saharan Africa (IDA & IBRD countries),TSS,2022,13.4141556
Sub-Saharan Africa (IDA & IBRD countries),TSS,2023,13.66616417
Sub-Saharan Africa (IDA & IBRD countries),TSS,2024,13.80037161
Trinidad and Tobago,TTO,2013,2.1
Trinidad and Tobago,TTO,2014,2.1
Trinidad and Tobago,TTO,2015,2
Trinidad and Tobago,TTO,2016,2.014526315
Trinidad and Tobago,TTO,2017,2
Trinidad and Tobago,TTO,2018,2.014423161
Trinidad and Tobago,TTO,2019,2
Trinidad and Tobago,TTO,2020,2
Trinidad and Tobago,TTO,2021,2
Trinidad and Tobago,TTO,2022,2
Trinidad and Tobago,TTO,2023,2
Trinidad and Tobago,TTO,2024,2
Tunisia,TUN,2013,3.7
Tunisia,TUN,2014,3.7
Tunisia,TUN,2015,3.7
Tunisia,TUN,2016,5.208609526
Tunisia,TUN,2017,5.2
Tunisia,TUN,2018,5.2085994
Tunisia,TUN,2019,5.2
Tunisia,TUN,2020,5.2
Tunisia,TUN,2021,5.2
Tunisia,TUN,2022,5.2
Tunisia,TUN,2023,5.2
Tunisia,TUN,2024,5.2
Turkey,TUR,2013,2.2
Turkey,TUR,2014,0.2
Turkey,TUR,2015,0.2
Turkey,TUR,2016,0.190624823
Turkey,TUR,2017,0.2
Turkey,TUR,2018,0.190652367
Turkey,TUR,2019,0.2
Turkey,TUR,2020,0.2
Turkey,TUR,2021,5.7
Turkey,TUR,2022,5.7
Turkey,TUR,2023,5.7
Turkey,TUR,2024,5.7
Tuvalu,TUV,2013,0
Tuvalu,TUV,2014,0
Tuvalu,TUV,2015,0
Tuvalu,TUV,2016,0.008607242
Tuvalu,TUV,2017,0
Tuvalu,TUV,2018,0.008594042
Tuvalu,TUV,2019,0
Tuvalu,TUV,2020,0
Tuvalu,TUV,2021,0
Tuvalu,TUV,2022,0
Tuvalu,TUV,2023,0
Tuvalu,TUV,2024,0
Tanzania,TZA,2013,26
Tanzania,TZA,2014,26
Tanzania,TZA,2015,26
Tanzania,TZA,2016,30.84345256
Tanzania,TZA,2017,30.9
Tanzania,TZA,2018,30.97032961
Tanzania,TZA,2019,31
Tanzania,TZA,2020,31
Tanzania,TZA,2021,31
Tanzania,TZA,2022,31.2
Tanzania,TZA,2023,32.4
Tanzania,TZA,2024,32.3
Uganda,UGA,2013,16.1
Uganda,UGA,2014,16.1
Uganda,UGA,2015,16.1
Uganda,UGA,2016,16.0640836
Uganda,UGA,2017,16.1
Uganda,UGA,2018,16.06394963
Uganda,UGA,2019,16.1
Uganda,UGA,2020,16.1
Uganda,UGA,2021,16.1
Uganda,UGA,2022,16.1
Uganda,UGA,2023,16.1
Uganda,UGA,2024,16.1
Ukraine,UKR,2013,3.9
Ukraine,UKR,2014,3.9
Ukraine,UKR,2015,3.9
Ukraine,UKR,2016,3.862876209
Ukraine,UKR,2017,3.9
Ukraine,UKR,2018,3.881679021
Ukraine,UKR,2019,3.9
Ukraine,UKR,2020,4.2
Ukraine,UKR,2021,12.3
Ukraine,UKR,2022,12.3
Ukraine,UKR,2023,12.3
Ukraine,UKR,2024,17.7
Upper middle income,UMC,2013,10.46906847
Upper middle income,UMC,2014,10.66034316
Upper middle income,UMC,2015,10.46910264
Upper middle income,UMC,2017,11.51697738
Upper middle income,UMC,2019,12.91807657
Upper middle income,UMC,2020,13.24387688
Upper middle income,UMC,2021,13.46198658
Upper middle income,UMC,2022,13.84955873
Upper middle income,UMC,2023,13.90660219
Upper middle income,UMC,2024,14.27764174
Uruguay,URY,2013,1.7
Uruguay,URY,2014,1.7
Uruguay,URY,2015,1.7
Uruguay,URY,2016,2.325009342
Uruguay,URY,2017,2.3
Uruguay,URY,2018,2.295077127
Uruguay,URY,2019,2.4
Uruguay,URY,2020,2.4
Uruguay,URY,2021,2.4
Uruguay,URY,2022,2.4
Uruguay,URY,2023,2.4
Uruguay,URY,2024,2.4
United States,USA,2013,13.5
United States,USA,2014,12
United States,USA,2015,20.1
United States,USA,2016,26.32619972
United States,USA,2017,26.6
United States,USA,2018,26.3280836
United States,USA,2019,26.3
United States,USA,2020,23.9
United States,USA,2021,15.9
United States,USA,2022,15.9
United States,USA,2023,15.9
United States,USA,2024,15.8
Uzbekistan,UZB,2013,3.4
Uzbekistan,UZB,2014,3.4
Uzbekistan,UZB,2015,3.4
Uzbekistan,UZB,2016,3.37505898
Uzbekistan,UZB,2017,3.4
Uzbekistan,UZB,2018,3.375213715
Uzbekistan,UZB,2019,3.4
Uzbekistan,UZB,2020,5.8
Uzbekistan,UZB,2021,5.8
Uzbekistan,UZB,2022,5.8
Uzbekistan,UZB,2023,9.5
Uzbekistan,UZB,2024,9.5
Saint Vincent and the Grenadines,VCT,2013,0.2
Saint Vincent and the Grenadines,VCT,2014,0.5
Saint Vincent and the Grenadines,VCT,2015,0.5
Saint Vincent and the Grenadines,VCT,2016,0.465862061
Saint Vincent and the Grenadines,VCT,2017,0.5
Saint Vincent and the Grenadines,VCT,2018,0.466562637
Saint Vincent and the Grenadines,VCT,2019,0.5
Saint Vincent and the Grenadines,VCT,2020,0.5
Saint Vincent and the Grenadines,VCT,2021,0.5
Saint Vincent and the Grenadines,VCT,2022,0.5
Saint Vincent and the Grenadines,VCT,2023,0.5
Saint Vincent and the Grenadines,VCT,2024,0.5
Venezuela,VEN,2013,36.9
Venezuela,VEN,2014,36.9
Venezuela,VEN,2015,36.9
Venezuela,VEN,2016,36.90254239
Venezuela,VEN,2017,36.9
Venezuela,VEN,2018,36.90255244
Venezuela,VEN,2019,36.9
Venezuela,VEN,2020,39
Venezuela,VEN,2021,39
Venezuela,VEN,2022,39
Venezuela,VEN,2023,39
Venezuela,VEN,2024,39
British Virgin Islands,VGB,2013,0.1
British Virgin Islands,VGB,2014,0.1
British Virgin Islands,VGB,2015,0.1
British Virgin Islands,VGB,2016,0.074344744
British Virgin Islands,VGB,2017,0
British Virgin Islands,VGB,2018,0.023926598
British Virgin Islands,VGB,2019,0
British Virgin Islands,VGB,2020,0
British Virgin Islands,VGB,2021,0
British Virgin Islands,VGB,2022,0
British Virgin Islands,VGB,2023,0
British Virgin Islands,VGB,2024,0
United states Virgin Islands,VIR,2013,0.6
United states Virgin Islands,VIR,2014,1
United states Virgin Islands,VIR,2015,1
United states Virgin Islands,VIR,2016,0.991597516
United states Virgin Islands,VIR,2017,1
United states Virgin Islands,VIR,2018,0.983624337
United states Virgin Islands,VIR,2019,1
United states Virgin Islands,VIR,2020,0.6
United states Virgin Islands,VIR,2021,1
United states Virgin Islands,VIR,2022,1
United states Virgin Islands,VIR,2023,1
United states Virgin Islands,VIR,2024,0.9
Vietnam,VNM,2013,2.6
Vietnam,VNM,2014,2.6
Vietnam,VNM,2015,2.9
Vietnam,VNM,2016,2.929447435
Vietnam,VNM,2017,2.9
Vietnam,VNM,2018,2.929506921
Vietnam,VNM,2019,2.9
Vietnam,VNM,2020,2.9
Vietnam,VNM,2021,2.9
Vietnam,VNM,2022,2.9
Vietnam,VNM,2023,2.9
Vietnam,VNM,2024,2.9
Vanuatu,VUT,2013,0.1
Vanuatu,VUT,2014,0.1
Vanuatu,VUT,2015,0.1
Vanuatu,VUT,2016,0.090758929
Vanuatu,VUT,2017,0.1
Vanuatu,VUT,2018,0.090716741
Vanuatu,VUT,2019,0.1
Vanuatu,VUT,2020,0.1
Vanuatu,VUT,2021,0.1
Vanuatu,VUT,2022,0.1
Vanuatu,VUT,2023,0.1
Vanuatu,VUT,2024,0.1
World,WLD,2013,11.10389969
World,WLD,2014,11.9200227
World,WLD,2015,12.14936618
World,WLD,2017,13.507983
World,WLD,2019,14.53371728
World,WLD,2020,14.83480097
World,WLD,2021,14.70287894
World,WLD,2022,14.85839927
World,WLD,2023,14.9497849
World,WLD,2024,15.29497815
Samoa,WSM,2013,0.2
Samoa,WSM,2014,0.2
Samoa,WSM,2015,0.2
Samoa,WSM,2016,0.228551141
Samoa,WSM,2017,0.2
Samoa,WSM,2018,0.242263365
Samoa,WSM,2019,0.2
Samoa,WSM,2020,0.3
Samoa,WSM,2021,0.3
Samoa,WSM,2022,0.3
Samoa,WSM,2023,0.3
Samoa,WSM,2024,0.3
Yemen,YEM,2013,0.6
Yemen,YEM,2014,0.6
Yemen,YEM,2015,0.6
Yemen,YEM,2016,0.605805312
Yemen,YEM,2017,0.6
Yemen,YEM,2018,0.605801444
Yemen,YEM,2019,0.6
Yemen,YEM,2020,0.6
Yemen,YEM,2021,0.6
Yemen,YEM,2022,0.6
Yemen,YEM,2023,0.6
Yemen,YEM,2024,0.7
South Africa,ZAF,2013,9.8
South Africa,ZAF,2014,10.6
South Africa,ZAF,2015,11.7
South Africa,ZAF,2016,12.98500928
South Africa,ZAF,2017,13
South Africa,ZAF,2018,10.26064859
South Africa,ZAF,2019,11.8
South Africa,ZAF,2020,12.4
South Africa,ZAF,2021,12.5
South Africa,ZAF,2022,12.7
South Africa,ZAF,2023,12.7
South Africa,ZAF,2024,12.8
Zambia,ZMB,2013,38
Zambia,ZMB,2014,38
Zambia,ZMB,2015,38
Zambia,ZMB,2016,38.04905084
Zambia,ZMB,2017,37.9
Zambia,ZMB,2018,37.87001045
Zambia,ZMB,2019,41.3
Zambia,ZMB,2020,41.3
Zambia,ZMB,2021,41.3
Zambia,ZMB,2022,41.3
Zambia,ZMB,2023,41.3
Zambia,ZMB,2024,41.3
Zimbabwe,ZWE,2013,28.1
Zimbabwe,ZWE,2014,26.7
Zimbabwe,ZWE,2015,26.7
Zimbabwe,ZWE,2016,27.21454241
Zimbabwe,ZWE,2017,27.2
Zimbabwe,ZWE,2018,27.21458518
Zimbabwe,ZWE,2019,27.2
Zimbabwe,ZWE,2020,27.2
Zimbabwe,ZWE,2021,27.2
Zimbabwe,ZWE,2022,27.2
Zimbabwe,ZWE,2023,28.3
Zimbabwe,ZWE,2024,28.3
Gambia,GMB,2013,1.399999976
Gambia,GMB,2014,1.399999976
Gambia,GMB,2015,1.399999976
Gambia,GMB,2016,1.367025495
Gambia,GMB,2017,1.399999976
Gambia,GMB,2018,1.366154075
Gambia,GMB,2019,1.399999976
Gambia,GMB,2020,2.900000095
Gambia,GMB,2021,2.900000095
Gambia,GMB,2022,2.900000095
Gambia,GMB,2023,2.900000095
Gambia,GMB,2024,2.900000095
